INFO - 2023-12-26 03:59:35 --> Session: Class initialized using 'CodeIgniter\Session\Handlers\FileHandler' driver.
ERROR - 2023-12-26 03:59:44 --> Error connecting to the database: mysqli_sql_exception: No connection could be made because the target machine actively refused it in C:\xampp\htdocs\myproject\vendor\codeigniter4\framework\system\Database\MySQLi\Connection.php:184
Stack trace:
#0 C:\xampp\htdocs\myproject\vendor\codeigniter4\framework\system\Database\MySQLi\Connection.php(184): mysqli->real_connect('localhost', 'root', Object(SensitiveParameterValue), 'grosirku', 3306, '', 0)
#1 C:\xampp\htdocs\myproject\vendor\codeigniter4\framework\system\Database\BaseConnection.php(392): CodeIgniter\Database\MySQLi\Connection->connect(false)
#2 C:\xampp\htdocs\myproject\vendor\codeigniter4\framework\system\Database\BaseConnection.php(575): CodeIgniter\Database\BaseConnection->initialize()
#3 C:\xampp\htdocs\myproject\vendor\codeigniter4\framework\system\Database\BaseBuilder.php(1615): CodeIgniter\Database\BaseConnection->query('SELECT *\nFROM `...', Array, false)
#4 C:\xampp\htdocs\myproject\vendor\codeigniter4\framework\system\Model.php(871): CodeIgniter\Database\BaseBuilder->get()
#5 C:\xampp\htdocs\myproject\app\Controllers\Login.php(31): CodeIgniter\Model->__call('get', Array)
#6 C:\xampp\htdocs\myproject\vendor\codeigniter4\framework\system\CodeIgniter.php(942): App\Controllers\Login->index()
#7 C:\xampp\htdocs\myproject\vendor\codeigniter4\framework\system\CodeIgniter.php(502): CodeIgniter\CodeIgniter->runController(Object(App\Controllers\Login))
#8 C:\xampp\htdocs\myproject\vendor\codeigniter4\framework\system\CodeIgniter.php(361): CodeIgniter\CodeIgniter->handleRequest(NULL, Object(Config\Cache), false)
#9 C:\xampp\htdocs\myproject\public\index.php(79): CodeIgniter\CodeIgniter->run()
#10 C:\xampp\htdocs\myproject\vendor\codeigniter4\framework\system\Commands\Server\rewrite.php(47): require_once('C:\\xampp\\htdocs...')
#11 {main}

Next CodeIgniter\Database\Exceptions\DatabaseException: No connection could be made because the target machine actively refused it in C:\xampp\htdocs\myproject\vendor\codeigniter4\framework\system\Database\MySQLi\Connection.php:229
Stack trace:
#0 C:\xampp\htdocs\myproject\vendor\codeigniter4\framework\system\Database\BaseConnection.php(392): CodeIgniter\Database\MySQLi\Connection->connect(false)
#1 C:\xampp\htdocs\myproject\vendor\codeigniter4\framework\system\Database\BaseConnection.php(575): CodeIgniter\Database\BaseConnection->initialize()
#2 C:\xampp\htdocs\myproject\vendor\codeigniter4\framework\system\Database\BaseBuilder.php(1615): CodeIgniter\Database\BaseConnection->query('SELECT *\nFROM `...', Array, false)
#3 C:\xampp\htdocs\myproject\vendor\codeigniter4\framework\system\Model.php(871): CodeIgniter\Database\BaseBuilder->get()
#4 C:\xampp\htdocs\myproject\app\Controllers\Login.php(31): CodeIgniter\Model->__call('get', Array)
#5 C:\xampp\htdocs\myproject\vendor\codeigniter4\framework\system\CodeIgniter.php(942): App\Controllers\Login->index()
#6 C:\xampp\htdocs\myproject\vendor\codeigniter4\framework\system\CodeIgniter.php(502): CodeIgniter\CodeIgniter->runController(Object(App\Controllers\Login))
#7 C:\xampp\htdocs\myproject\vendor\codeigniter4\framework\system\CodeIgniter.php(361): CodeIgniter\CodeIgniter->handleRequest(NULL, Object(Config\Cache), false)
#8 C:\xampp\htdocs\myproject\public\index.php(79): CodeIgniter\CodeIgniter->run()
#9 C:\xampp\htdocs\myproject\vendor\codeigniter4\framework\system\Commands\Server\rewrite.php(47): require_once('C:\\xampp\\htdocs...')
#10 {main}
CRITICAL - 2023-12-26 03:59:44 --> Unable to connect to the database.
Main connection [MySQLi]: No connection could be made because the target machine actively refused it
in SYSTEMPATH\Database\BaseConnection.php on line 428.
 1 SYSTEMPATH\Database\BaseConnection.php(575): CodeIgniter\Database\BaseConnection->initialize()
 2 SYSTEMPATH\Database\BaseBuilder.php(1615): CodeIgniter\Database\BaseConnection->query('SELECT *
FROM `penjual`
WHERE `plusername` = :plusername:
AND `plpassword` = :plpassword:', [...], false)
 3 SYSTEMPATH\Model.php(871): CodeIgniter\Database\BaseBuilder->get()
 4 APPPATH\Controllers\Login.php(31): CodeIgniter\Model->__call('get', [])
 5 SYSTEMPATH\CodeIgniter.php(942): App\Controllers\Login->index()
 6 SYSTEMPATH\CodeIgniter.php(502): CodeIgniter\CodeIgniter->runController(Object(App\Controllers\Login))
 7 SYSTEMPATH\CodeIgniter.php(361): CodeIgniter\CodeIgniter->handleRequest(null, Object(Config\Cache), false)
 8 FCPATH\index.php(79): CodeIgniter\CodeIgniter->run()
 9 SYSTEMPATH\Commands\Server\rewrite.php(47): require_once('C:\\xampp\\htdocs\\myproject\\public\\index.php')
INFO - 2023-12-26 03:59:52 --> Session: Class initialized using 'CodeIgniter\Session\Handlers\FileHandler' driver.
INFO - 2023-12-26 03:59:56 --> Session: Class initialized using 'CodeIgniter\Session\Handlers\FileHandler' driver.
CRITICAL - 2023-12-26 03:59:56 --> Attempt to read property "idpenyedia" on null
in APPPATH\Controllers\Login.php on line 42.
 1 APPPATH\Controllers\Login.php(42): CodeIgniter\Debug\Exceptions->errorHandler(2, 'Attempt to read property "idpenyedia" on null', 'C:\\xampp\\htdocs\\myproject\\app\\Controllers\\Login.php', 42)
 2 SYSTEMPATH\CodeIgniter.php(942): App\Controllers\Login->index()
 3 SYSTEMPATH\CodeIgniter.php(502): CodeIgniter\CodeIgniter->runController(Object(App\Controllers\Login))
 4 SYSTEMPATH\CodeIgniter.php(361): CodeIgniter\CodeIgniter->handleRequest(null, Object(Config\Cache), false)
 5 FCPATH\index.php(79): CodeIgniter\CodeIgniter->run()
 6 SYSTEMPATH\Commands\Server\rewrite.php(47): require_once('C:\\xampp\\htdocs\\myproject\\public\\index.php')
INFO - 2023-12-26 03:59:58 --> Session: Class initialized using 'CodeIgniter\Session\Handlers\FileHandler' driver.
INFO - 2023-12-26 04:00:05 --> Session: Class initialized using 'CodeIgniter\Session\Handlers\FileHandler' driver.
INFO - 2023-12-26 04:00:05 --> Session: Class initialized using 'CodeIgniter\Session\Handlers\FileHandler' driver.
INFO - 2023-12-26 04:00:14 --> Session: Class initialized using 'CodeIgniter\Session\Handlers\FileHandler' driver.
INFO - 2023-12-26 04:00:16 --> Session: Class initialized using 'CodeIgniter\Session\Handlers\FileHandler' driver.
INFO - 2023-12-26 04:02:29 --> Session: Class initialized using 'CodeIgniter\Session\Handlers\FileHandler' driver.
INFO - 2023-12-26 04:02:35 --> Session: Class initialized using 'CodeIgniter\Session\Handlers\FileHandler' driver.
INFO - 2023-12-26 04:02:35 --> Session: Class initialized using 'CodeIgniter\Session\Handlers\FileHandler' driver.
INFO - 2023-12-26 04:02:37 --> Session: Class initialized using 'CodeIgniter\Session\Handlers\FileHandler' driver.
INFO - 2023-12-26 04:02:39 --> Session: Class initialized using 'CodeIgniter\Session\Handlers\FileHandler' driver.
INFO - 2023-12-26 04:02:39 --> Session: Class initialized using 'CodeIgniter\Session\Handlers\FileHandler' driver.
INFO - 2023-12-26 04:02:44 --> Session: Class initialized using 'CodeIgniter\Session\Handlers\FileHandler' driver.
INFO - 2023-12-26 04:02:44 --> Session: Class initialized using 'CodeIgniter\Session\Handlers\FileHandler' driver.
INFO - 2023-12-26 04:02:59 --> Session: Class initialized using 'CodeIgniter\Session\Handlers\FileHandler' driver.
INFO - 2023-12-26 04:03:00 --> Session: Class initialized using 'CodeIgniter\Session\Handlers\FileHandler' driver.
INFO - 2023-12-26 04:03:06 --> Session: Class initialized using 'CodeIgniter\Session\Handlers\FileHandler' driver.
INFO - 2023-12-26 04:03:06 --> Session: Class initialized using 'CodeIgniter\Session\Handlers\FileHandler' driver.
INFO - 2023-12-26 04:19:05 --> Session: Class initialized using 'CodeIgniter\Session\Handlers\FileHandler' driver.
INFO - 2023-12-26 04:21:23 --> Session: Class initialized using 'CodeIgniter\Session\Handlers\FileHandler' driver.
INFO - 2023-12-26 04:21:30 --> Session: Class initialized using 'CodeIgniter\Session\Handlers\FileHandler' driver.
INFO - 2023-12-26 04:24:33 --> Session: Class initialized using 'CodeIgniter\Session\Handlers\FileHandler' driver.
INFO - 2023-12-26 04:36:41 --> Session: Class initialized using 'CodeIgniter\Session\Handlers\FileHandler' driver.
INFO - 2023-12-26 04:36:51 --> Session: Class initialized using 'CodeIgniter\Session\Handlers\FileHandler' driver.
INFO - 2023-12-26 04:36:51 --> Session: Class initialized using 'CodeIgniter\Session\Handlers\FileHandler' driver.
INFO - 2023-12-26 04:41:09 --> Session: Class initialized using 'CodeIgniter\Session\Handlers\FileHandler' driver.
INFO - 2023-12-26 04:41:13 --> Session: Class initialized using 'CodeIgniter\Session\Handlers\FileHandler' driver.
CRITICAL - 2023-12-26 04:41:42 --> Call to a member function isValid() on null
in APPPATH\Controllers\PenyediaController.php on line 22.
 1 SYSTEMPATH\CodeIgniter.php(942): App\Controllers\PenyediaController->tambahBarang()
 2 SYSTEMPATH\CodeIgniter.php(502): CodeIgniter\CodeIgniter->runController(Object(App\Controllers\PenyediaController))
 3 SYSTEMPATH\CodeIgniter.php(361): CodeIgniter\CodeIgniter->handleRequest(null, Object(Config\Cache), false)
 4 FCPATH\index.php(79): CodeIgniter\CodeIgniter->run()
 5 SYSTEMPATH\Commands\Server\rewrite.php(47): require_once('C:\\xampp\\htdocs\\myproject\\public\\index.php')
CRITICAL - 2023-12-26 04:42:27 --> Call to a member function isValid() on null
in APPPATH\Controllers\PenyediaController.php on line 22.
 1 SYSTEMPATH\CodeIgniter.php(942): App\Controllers\PenyediaController->tambahBarang()
 2 SYSTEMPATH\CodeIgniter.php(502): CodeIgniter\CodeIgniter->runController(Object(App\Controllers\PenyediaController))
 3 SYSTEMPATH\CodeIgniter.php(361): CodeIgniter\CodeIgniter->handleRequest(null, Object(Config\Cache), false)
 4 FCPATH\index.php(79): CodeIgniter\CodeIgniter->run()
 5 SYSTEMPATH\Commands\Server\rewrite.php(47): require_once('C:\\xampp\\htdocs\\myproject\\public\\index.php')
CRITICAL - 2023-12-26 04:43:12 --> Call to a member function isValid() on null
in APPPATH\Controllers\PenyediaController.php on line 22.
 1 SYSTEMPATH\CodeIgniter.php(942): App\Controllers\PenyediaController->tambahBarang()
 2 SYSTEMPATH\CodeIgniter.php(502): CodeIgniter\CodeIgniter->runController(Object(App\Controllers\PenyediaController))
 3 SYSTEMPATH\CodeIgniter.php(361): CodeIgniter\CodeIgniter->handleRequest(null, Object(Config\Cache), false)
 4 FCPATH\index.php(79): CodeIgniter\CodeIgniter->run()
 5 SYSTEMPATH\Commands\Server\rewrite.php(47): require_once('C:\\xampp\\htdocs\\myproject\\public\\index.php')
INFO - 2023-12-26 04:45:00 --> Session: Class initialized using 'CodeIgniter\Session\Handlers\FileHandler' driver.
INFO - 2023-12-26 04:45:00 --> Session: Class initialized using 'CodeIgniter\Session\Handlers\FileHandler' driver.
INFO - 2023-12-26 04:46:08 --> Session: Class initialized using 'CodeIgniter\Session\Handlers\FileHandler' driver.
INFO - 2023-12-26 04:59:00 --> Session: Class initialized using 'CodeIgniter\Session\Handlers\FileHandler' driver.
INFO - 2023-12-26 04:59:06 --> Session: Class initialized using 'CodeIgniter\Session\Handlers\FileHandler' driver.
INFO - 2023-12-26 04:59:06 --> Session: Class initialized using 'CodeIgniter\Session\Handlers\FileHandler' driver.
INFO - 2023-12-26 04:59:42 --> Session: Class initialized using 'CodeIgniter\Session\Handlers\FileHandler' driver.
INFO - 2023-12-26 05:01:41 --> Session: Class initialized using 'CodeIgniter\Session\Handlers\FileHandler' driver.
INFO - 2023-12-26 05:01:41 --> Session: Class initialized using 'CodeIgniter\Session\Handlers\FileHandler' driver.
INFO - 2023-12-26 05:01:53 --> Session: Class initialized using 'CodeIgniter\Session\Handlers\FileHandler' driver.
INFO - 2023-12-26 05:01:54 --> Session: Class initialized using 'CodeIgniter\Session\Handlers\FileHandler' driver.
INFO - 2023-12-26 05:01:54 --> Session: Class initialized using 'CodeIgniter\Session\Handlers\FileHandler' driver.
INFO - 2023-12-26 05:05:27 --> Session: Class initialized using 'CodeIgniter\Session\Handlers\FileHandler' driver.
CRITICAL - 2023-12-26 05:05:34 --> view(): Argument #2 ($data) must be of type array, stdClass given, called in C:\xampp\htdocs\myproject\app\Controllers\Penyedia.php on line 43
in SYSTEMPATH\Common.php on line 1178.
 1 APPPATH\Controllers\Penyedia.php(43): view('penyedia/edit_barang', Object(stdClass))
 2 SYSTEMPATH\CodeIgniter.php(942): App\Controllers\Penyedia->edit_barang('126')
 3 SYSTEMPATH\CodeIgniter.php(502): CodeIgniter\CodeIgniter->runController(Object(App\Controllers\Penyedia))
 4 SYSTEMPATH\CodeIgniter.php(361): CodeIgniter\CodeIgniter->handleRequest(null, Object(Config\Cache), false)
 5 FCPATH\index.php(79): CodeIgniter\CodeIgniter->run()
 6 SYSTEMPATH\Commands\Server\rewrite.php(47): require_once('C:\\xampp\\htdocs\\myproject\\public\\index.php')
INFO - 2023-12-26 05:07:09 --> Session: Class initialized using 'CodeIgniter\Session\Handlers\FileHandler' driver.
CRITICAL - 2023-12-26 05:07:10 --> Invalid file: "penyedia/edit_barang.php"
in SYSTEMPATH\Exceptions\FrameworkException.php on line 39.
 1 SYSTEMPATH\View\View.php(216): CodeIgniter\Exceptions\FrameworkException::forInvalidFile('penyedia/edit_barang.php')
 2 SYSTEMPATH\Common.php(1190): CodeIgniter\View\View->render('penyedia/edit_barang', [], true)
 3 APPPATH\Controllers\Penyedia.php(52): view('penyedia/edit_barang', [...])
 4 SYSTEMPATH\CodeIgniter.php(942): App\Controllers\Penyedia->edit_barang('126')
 5 SYSTEMPATH\CodeIgniter.php(502): CodeIgniter\CodeIgniter->runController(Object(App\Controllers\Penyedia))
 6 SYSTEMPATH\CodeIgniter.php(361): CodeIgniter\CodeIgniter->handleRequest(null, Object(Config\Cache), false)
 7 FCPATH\index.php(79): CodeIgniter\CodeIgniter->run()
 8 SYSTEMPATH\Commands\Server\rewrite.php(47): require_once('C:\\xampp\\htdocs\\myproject\\public\\index.php')
INFO - 2023-12-26 05:07:22 --> Session: Class initialized using 'CodeIgniter\Session\Handlers\FileHandler' driver.
CRITICAL - 2023-12-26 05:11:48 --> Call to a member function fileName() on null
in APPPATH\Controllers\PenyediaController.php on line 60.
 1 SYSTEMPATH\CodeIgniter.php(942): App\Controllers\PenyediaController->editBarang()
 2 SYSTEMPATH\CodeIgniter.php(502): CodeIgniter\CodeIgniter->runController(Object(App\Controllers\PenyediaController))
 3 SYSTEMPATH\CodeIgniter.php(361): CodeIgniter\CodeIgniter->handleRequest(null, Object(Config\Cache), false)
 4 FCPATH\index.php(79): CodeIgniter\CodeIgniter->run()
 5 SYSTEMPATH\Commands\Server\rewrite.php(47): require_once('C:\\xampp\\htdocs\\myproject\\public\\index.php')
CRITICAL - 2023-12-26 05:11:58 --> Call to a member function fileName() on null
in APPPATH\Controllers\PenyediaController.php on line 60.
 1 SYSTEMPATH\CodeIgniter.php(942): App\Controllers\PenyediaController->editBarang()
 2 SYSTEMPATH\CodeIgniter.php(502): CodeIgniter\CodeIgniter->runController(Object(App\Controllers\PenyediaController))
 3 SYSTEMPATH\CodeIgniter.php(361): CodeIgniter\CodeIgniter->handleRequest(null, Object(Config\Cache), false)
 4 FCPATH\index.php(79): CodeIgniter\CodeIgniter->run()
 5 SYSTEMPATH\Commands\Server\rewrite.php(47): require_once('C:\\xampp\\htdocs\\myproject\\public\\index.php')
CRITICAL - 2023-12-26 05:12:09 --> Call to a member function getName() on null
in APPPATH\Controllers\PenyediaController.php on line 60.
 1 SYSTEMPATH\CodeIgniter.php(942): App\Controllers\PenyediaController->editBarang()
 2 SYSTEMPATH\CodeIgniter.php(502): CodeIgniter\CodeIgniter->runController(Object(App\Controllers\PenyediaController))
 3 SYSTEMPATH\CodeIgniter.php(361): CodeIgniter\CodeIgniter->handleRequest(null, Object(Config\Cache), false)
 4 FCPATH\index.php(79): CodeIgniter\CodeIgniter->run()
 5 SYSTEMPATH\Commands\Server\rewrite.php(47): require_once('C:\\xampp\\htdocs\\myproject\\public\\index.php')
INFO - 2023-12-26 05:16:16 --> Session: Class initialized using 'CodeIgniter\Session\Handlers\FileHandler' driver.
INFO - 2023-12-26 05:16:27 --> Session: Class initialized using 'CodeIgniter\Session\Handlers\FileHandler' driver.
INFO - 2023-12-26 05:16:31 --> Session: Class initialized using 'CodeIgniter\Session\Handlers\FileHandler' driver.
INFO - 2023-12-26 05:17:10 --> Session: Class initialized using 'CodeIgniter\Session\Handlers\FileHandler' driver.
INFO - 2023-12-26 05:17:17 --> Session: Class initialized using 'CodeIgniter\Session\Handlers\FileHandler' driver.
INFO - 2023-12-26 05:25:56 --> Session: Class initialized using 'CodeIgniter\Session\Handlers\FileHandler' driver.
ERROR - 2023-12-26 05:25:56 --> mysqli_sql_exception: Column 'idpenyedia' in where clause is ambiguous in C:\xampp\htdocs\myproject\vendor\codeigniter4\framework\system\Database\MySQLi\Connection.php:306
Stack trace:
#0 C:\xampp\htdocs\myproject\vendor\codeigniter4\framework\system\Database\MySQLi\Connection.php(306): mysqli->query('SELECT *\nFROM `...', 0)
#1 C:\xampp\htdocs\myproject\vendor\codeigniter4\framework\system\Database\BaseConnection.php(693): CodeIgniter\Database\MySQLi\Connection->execute('SELECT *\nFROM `...')
#2 C:\xampp\htdocs\myproject\vendor\codeigniter4\framework\system\Database\BaseConnection.php(607): CodeIgniter\Database\BaseConnection->simpleQuery('SELECT *\nFROM `...')
#3 C:\xampp\htdocs\myproject\vendor\codeigniter4\framework\system\Database\BaseBuilder.php(1615): CodeIgniter\Database\BaseConnection->query('SELECT *\nFROM `...', Array, false)
#4 C:\xampp\htdocs\myproject\vendor\codeigniter4\framework\system\Model.php(871): CodeIgniter\Database\BaseBuilder->get()
#5 C:\xampp\htdocs\myproject\app\Controllers\Penyedia.php(31): CodeIgniter\Model->__call('get', Array)
#6 C:\xampp\htdocs\myproject\vendor\codeigniter4\framework\system\CodeIgniter.php(942): App\Controllers\Penyedia->pesanan()
#7 C:\xampp\htdocs\myproject\vendor\codeigniter4\framework\system\CodeIgniter.php(502): CodeIgniter\CodeIgniter->runController(Object(App\Controllers\Penyedia))
#8 C:\xampp\htdocs\myproject\vendor\codeigniter4\framework\system\CodeIgniter.php(361): CodeIgniter\CodeIgniter->handleRequest(NULL, Object(Config\Cache), false)
#9 C:\xampp\htdocs\myproject\public\index.php(79): CodeIgniter\CodeIgniter->run()
#10 C:\xampp\htdocs\myproject\vendor\codeigniter4\framework\system\Commands\Server\rewrite.php(47): require_once('C:\\xampp\\htdocs...')
#11 {main}
CRITICAL - 2023-12-26 05:25:56 --> Column 'idpenyedia' in where clause is ambiguous
in SYSTEMPATH\Database\BaseConnection.php on line 647.
 1 SYSTEMPATH\Database\BaseBuilder.php(1615): CodeIgniter\Database\BaseConnection->query('SELECT *
FROM `pesanan`
INNER JOIN `penyedia` ON `pesanan`.`idpenyedia` = `penyedia`.`idpenyedia`
WHERE `idpenyedia` = :idpenyedia:', [...], false)
 2 SYSTEMPATH\Model.php(871): CodeIgniter\Database\BaseBuilder->get()
 3 APPPATH\Controllers\Penyedia.php(31): CodeIgniter\Model->__call('get', [])
 4 SYSTEMPATH\CodeIgniter.php(942): App\Controllers\Penyedia->pesanan()
 5 SYSTEMPATH\CodeIgniter.php(502): CodeIgniter\CodeIgniter->runController(Object(App\Controllers\Penyedia))
 6 SYSTEMPATH\CodeIgniter.php(361): CodeIgniter\CodeIgniter->handleRequest(null, Object(Config\Cache), false)
 7 FCPATH\index.php(79): CodeIgniter\CodeIgniter->run()
 8 SYSTEMPATH\Commands\Server\rewrite.php(47): require_once('C:\\xampp\\htdocs\\myproject\\public\\index.php')
INFO - 2023-12-26 05:26:19 --> Session: Class initialized using 'CodeIgniter\Session\Handlers\FileHandler' driver.
INFO - 2023-12-26 05:26:21 --> Session: Class initialized using 'CodeIgniter\Session\Handlers\FileHandler' driver.
INFO - 2023-12-26 05:26:22 --> Session: Class initialized using 'CodeIgniter\Session\Handlers\FileHandler' driver.
INFO - 2023-12-26 05:31:40 --> Session: Class initialized using 'CodeIgniter\Session\Handlers\FileHandler' driver.
INFO - 2023-12-26 05:32:29 --> Session: Class initialized using 'CodeIgniter\Session\Handlers\FileHandler' driver.
INFO - 2023-12-26 05:32:52 --> Session: Class initialized using 'CodeIgniter\Session\Handlers\FileHandler' driver.
INFO - 2023-12-26 05:34:10 --> Session: Class initialized using 'CodeIgniter\Session\Handlers\FileHandler' driver.
INFO - 2023-12-26 05:34:17 --> Session: Class initialized using 'CodeIgniter\Session\Handlers\FileHandler' driver.
INFO - 2023-12-26 05:36:46 --> Session: Class initialized using 'CodeIgniter\Session\Handlers\FileHandler' driver.
INFO - 2023-12-26 05:36:49 --> Session: Class initialized using 'CodeIgniter\Session\Handlers\FileHandler' driver.
INFO - 2023-12-26 05:43:40 --> Session: Class initialized using 'CodeIgniter\Session\Handlers\FileHandler' driver.
INFO - 2023-12-26 05:43:51 --> Session: Class initialized using 'CodeIgniter\Session\Handlers\FileHandler' driver.
INFO - 2023-12-26 05:46:59 --> Session: Class initialized using 'CodeIgniter\Session\Handlers\FileHandler' driver.
INFO - 2023-12-26 05:47:16 --> Session: Class initialized using 'CodeIgniter\Session\Handlers\FileHandler' driver.
INFO - 2023-12-26 05:47:28 --> Session: Class initialized using 'CodeIgniter\Session\Handlers\FileHandler' driver.
INFO - 2023-12-26 05:47:31 --> Session: Class initialized using 'CodeIgniter\Session\Handlers\FileHandler' driver.
INFO - 2023-12-26 05:47:50 --> Session: Class initialized using 'CodeIgniter\Session\Handlers\FileHandler' driver.
CRITICAL - 2023-12-26 05:47:52 --> There is no data to update.
in SYSTEMPATH\BaseModel.php on line 930.
 1 SYSTEMPATH\BaseModel.php(930): CodeIgniter\Database\Exceptions\DataException::forEmptyDataset('update')
 2 SYSTEMPATH\Model.php(776): CodeIgniter\BaseModel->update(null, [])
 3 APPPATH\Controllers\PenyediaController.php(89): CodeIgniter\Model->update()
 4 SYSTEMPATH\CodeIgniter.php(942): App\Controllers\PenyediaController->setStatus('155')
 5 SYSTEMPATH\CodeIgniter.php(502): CodeIgniter\CodeIgniter->runController(Object(App\Controllers\PenyediaController))
 6 SYSTEMPATH\CodeIgniter.php(361): CodeIgniter\CodeIgniter->handleRequest(null, Object(Config\Cache), false)
 7 FCPATH\index.php(79): CodeIgniter\CodeIgniter->run()
 8 SYSTEMPATH\Commands\Server\rewrite.php(47): require_once('C:\\xampp\\htdocs\\myproject\\public\\index.php')
INFO - 2023-12-26 05:48:38 --> Session: Class initialized using 'CodeIgniter\Session\Handlers\FileHandler' driver.
CRITICAL - 2023-12-26 05:48:44 --> There is no data to update.
in SYSTEMPATH\BaseModel.php on line 930.
 1 SYSTEMPATH\BaseModel.php(930): CodeIgniter\Database\Exceptions\DataException::forEmptyDataset('update')
 2 SYSTEMPATH\Model.php(776): CodeIgniter\BaseModel->update(null, [])
 3 APPPATH\Controllers\PenyediaController.php(89): CodeIgniter\Model->update()
 4 SYSTEMPATH\CodeIgniter.php(942): App\Controllers\PenyediaController->setStatus('155')
 5 SYSTEMPATH\CodeIgniter.php(502): CodeIgniter\CodeIgniter->runController(Object(App\Controllers\PenyediaController))
 6 SYSTEMPATH\CodeIgniter.php(361): CodeIgniter\CodeIgniter->handleRequest(null, Object(Config\Cache), false)
 7 FCPATH\index.php(79): CodeIgniter\CodeIgniter->run()
 8 SYSTEMPATH\Commands\Server\rewrite.php(47): require_once('C:\\xampp\\htdocs\\myproject\\public\\index.php')
INFO - 2023-12-26 05:49:49 --> Session: Class initialized using 'CodeIgniter\Session\Handlers\FileHandler' driver.
INFO - 2023-12-26 05:49:52 --> Session: Class initialized using 'CodeIgniter\Session\Handlers\FileHandler' driver.
INFO - 2023-12-26 05:49:59 --> Session: Class initialized using 'CodeIgniter\Session\Handlers\FileHandler' driver.
INFO - 2023-12-26 05:50:03 --> Session: Class initialized using 'CodeIgniter\Session\Handlers\FileHandler' driver.
INFO - 2023-12-26 05:51:06 --> Session: Class initialized using 'CodeIgniter\Session\Handlers\FileHandler' driver.
INFO - 2023-12-26 05:51:06 --> Session: Class initialized using 'CodeIgniter\Session\Handlers\FileHandler' driver.
INFO - 2023-12-26 05:51:08 --> Session: Class initialized using 'CodeIgniter\Session\Handlers\FileHandler' driver.
INFO - 2023-12-26 05:51:08 --> Session: Class initialized using 'CodeIgniter\Session\Handlers\FileHandler' driver.
INFO - 2023-12-26 05:56:54 --> Session: Class initialized using 'CodeIgniter\Session\Handlers\FileHandler' driver.
INFO - 2023-12-26 05:56:58 --> Session: Class initialized using 'CodeIgniter\Session\Handlers\FileHandler' driver.
INFO - 2023-12-26 05:56:58 --> Session: Class initialized using 'CodeIgniter\Session\Handlers\FileHandler' driver.
INFO - 2023-12-26 05:57:03 --> Session: Class initialized using 'CodeIgniter\Session\Handlers\FileHandler' driver.
INFO - 2023-12-26 05:57:05 --> Session: Class initialized using 'CodeIgniter\Session\Handlers\FileHandler' driver.
INFO - 2023-12-26 05:57:06 --> Session: Class initialized using 'CodeIgniter\Session\Handlers\FileHandler' driver.
INFO - 2023-12-26 05:57:08 --> Session: Class initialized using 'CodeIgniter\Session\Handlers\FileHandler' driver.
INFO - 2023-12-26 05:57:08 --> Session: Class initialized using 'CodeIgniter\Session\Handlers\FileHandler' driver.
INFO - 2023-12-26 05:57:11 --> Session: Class initialized using 'CodeIgniter\Session\Handlers\FileHandler' driver.
INFO - 2023-12-26 05:57:11 --> Session: Class initialized using 'CodeIgniter\Session\Handlers\FileHandler' driver.
INFO - 2023-12-26 05:57:23 --> Session: Class initialized using 'CodeIgniter\Session\Handlers\FileHandler' driver.
INFO - 2023-12-26 05:57:25 --> Session: Class initialized using 'CodeIgniter\Session\Handlers\FileHandler' driver.
INFO - 2023-12-26 05:57:25 --> Session: Class initialized using 'CodeIgniter\Session\Handlers\FileHandler' driver.
INFO - 2023-12-26 05:58:10 --> Session: Class initialized using 'CodeIgniter\Session\Handlers\FileHandler' driver.
INFO - 2023-12-26 05:58:12 --> Session: Class initialized using 'CodeIgniter\Session\Handlers\FileHandler' driver.
INFO - 2023-12-26 05:58:12 --> Session: Class initialized using 'CodeIgniter\Session\Handlers\FileHandler' driver.
INFO - 2023-12-26 05:58:15 --> Session: Class initialized using 'CodeIgniter\Session\Handlers\FileHandler' driver.
INFO - 2023-12-26 05:58:15 --> Session: Class initialized using 'CodeIgniter\Session\Handlers\FileHandler' driver.
INFO - 2023-12-26 05:58:17 --> Session: Class initialized using 'CodeIgniter\Session\Handlers\FileHandler' driver.
INFO - 2023-12-26 05:58:17 --> Session: Class initialized using 'CodeIgniter\Session\Handlers\FileHandler' driver.
INFO - 2023-12-26 05:58:20 --> Session: Class initialized using 'CodeIgniter\Session\Handlers\FileHandler' driver.
INFO - 2023-12-26 05:58:20 --> Session: Class initialized using 'CodeIgniter\Session\Handlers\FileHandler' driver.
INFO - 2023-12-26 05:58:22 --> Session: Class initialized using 'CodeIgniter\Session\Handlers\FileHandler' driver.
INFO - 2023-12-26 05:58:22 --> Session: Class initialized using 'CodeIgniter\Session\Handlers\FileHandler' driver.
INFO - 2023-12-26 05:58:27 --> Session: Class initialized using 'CodeIgniter\Session\Handlers\FileHandler' driver.
INFO - 2023-12-26 05:58:30 --> Session: Class initialized using 'CodeIgniter\Session\Handlers\FileHandler' driver.
INFO - 2023-12-26 05:58:39 --> Session: Class initialized using 'CodeIgniter\Session\Handlers\FileHandler' driver.
INFO - 2023-12-26 05:58:40 --> Session: Class initialized using 'CodeIgniter\Session\Handlers\FileHandler' driver.
INFO - 2023-12-26 05:58:41 --> Session: Class initialized using 'CodeIgniter\Session\Handlers\FileHandler' driver.
INFO - 2023-12-26 05:58:43 --> Session: Class initialized using 'CodeIgniter\Session\Handlers\FileHandler' driver.
INFO - 2023-12-26 05:58:44 --> Session: Class initialized using 'CodeIgniter\Session\Handlers\FileHandler' driver.
INFO - 2023-12-26 06:25:27 --> Session: Class initialized using 'CodeIgniter\Session\Handlers\FileHandler' driver.
INFO - 2023-12-26 06:25:34 --> Session: Class initialized using 'CodeIgniter\Session\Handlers\FileHandler' driver.
INFO - 2023-12-26 06:25:44 --> Session: Class initialized using 'CodeIgniter\Session\Handlers\FileHandler' driver.
INFO - 2023-12-26 06:26:01 --> Session: Class initialized using 'CodeIgniter\Session\Handlers\FileHandler' driver.
INFO - 2023-12-26 06:26:15 --> Session: Class initialized using 'CodeIgniter\Session\Handlers\FileHandler' driver.
INFO - 2023-12-26 06:26:17 --> Session: Class initialized using 'CodeIgniter\Session\Handlers\FileHandler' driver.
INFO - 2023-12-26 06:26:39 --> Session: Class initialized using 'CodeIgniter\Session\Handlers\FileHandler' driver.
INFO - 2023-12-26 06:26:40 --> Session: Class initialized using 'CodeIgniter\Session\Handlers\FileHandler' driver.
INFO - 2023-12-26 06:26:58 --> Session: Class initialized using 'CodeIgniter\Session\Handlers\FileHandler' driver.
INFO - 2023-12-26 06:26:59 --> Session: Class initialized using 'CodeIgniter\Session\Handlers\FileHandler' driver.
INFO - 2023-12-26 06:27:00 --> Session: Class initialized using 'CodeIgniter\Session\Handlers\FileHandler' driver.
INFO - 2023-12-26 06:27:27 --> Session: Class initialized using 'CodeIgniter\Session\Handlers\FileHandler' driver.
INFO - 2023-12-26 06:27:36 --> Session: Class initialized using 'CodeIgniter\Session\Handlers\FileHandler' driver.
INFO - 2023-12-26 06:27:50 --> Session: Class initialized using 'CodeIgniter\Session\Handlers\FileHandler' driver.
INFO - 2023-12-26 06:27:50 --> Session: Class initialized using 'CodeIgniter\Session\Handlers\FileHandler' driver.
INFO - 2023-12-26 06:27:51 --> Session: Class initialized using 'CodeIgniter\Session\Handlers\FileHandler' driver.
INFO - 2023-12-26 06:27:52 --> Session: Class initialized using 'CodeIgniter\Session\Handlers\FileHandler' driver.
INFO - 2023-12-26 06:27:54 --> Session: Class initialized using 'CodeIgniter\Session\Handlers\FileHandler' driver.
INFO - 2023-12-26 06:27:54 --> Session: Class initialized using 'CodeIgniter\Session\Handlers\FileHandler' driver.
INFO - 2023-12-26 06:27:56 --> Session: Class initialized using 'CodeIgniter\Session\Handlers\FileHandler' driver.
INFO - 2023-12-26 06:27:57 --> Session: Class initialized using 'CodeIgniter\Session\Handlers\FileHandler' driver.
INFO - 2023-12-26 06:27:59 --> Session: Class initialized using 'CodeIgniter\Session\Handlers\FileHandler' driver.
INFO - 2023-12-26 06:27:59 --> Session: Class initialized using 'CodeIgniter\Session\Handlers\FileHandler' driver.
INFO - 2023-12-26 06:28:01 --> Session: Class initialized using 'CodeIgniter\Session\Handlers\FileHandler' driver.
INFO - 2023-12-26 06:28:02 --> Session: Class initialized using 'CodeIgniter\Session\Handlers\FileHandler' driver.
INFO - 2023-12-26 06:28:03 --> Session: Class initialized using 'CodeIgniter\Session\Handlers\FileHandler' driver.
INFO - 2023-12-26 06:28:04 --> Session: Class initialized using 'CodeIgniter\Session\Handlers\FileHandler' driver.
INFO - 2023-12-26 06:28:06 --> Session: Class initialized using 'CodeIgniter\Session\Handlers\FileHandler' driver.
INFO - 2023-12-26 06:32:24 --> Session: Class initialized using 'CodeIgniter\Session\Handlers\FileHandler' driver.
INFO - 2023-12-26 06:32:25 --> Session: Class initialized using 'CodeIgniter\Session\Handlers\FileHandler' driver.
INFO - 2023-12-26 06:32:27 --> Session: Class initialized using 'CodeIgniter\Session\Handlers\FileHandler' driver.
INFO - 2023-12-26 06:32:29 --> Session: Class initialized using 'CodeIgniter\Session\Handlers\FileHandler' driver.
INFO - 2023-12-26 06:32:32 --> Session: Class initialized using 'CodeIgniter\Session\Handlers\FileHandler' driver.
INFO - 2023-12-26 06:32:48 --> Session: Class initialized using 'CodeIgniter\Session\Handlers\FileHandler' driver.
INFO - 2023-12-26 06:32:50 --> Session: Class initialized using 'CodeIgniter\Session\Handlers\FileHandler' driver.
INFO - 2023-12-26 06:33:07 --> Session: Class initialized using 'CodeIgniter\Session\Handlers\FileHandler' driver.
INFO - 2023-12-26 06:33:09 --> Session: Class initialized using 'CodeIgniter\Session\Handlers\FileHandler' driver.
INFO - 2023-12-26 06:33:17 --> Session: Class initialized using 'CodeIgniter\Session\Handlers\FileHandler' driver.
INFO - 2023-12-26 06:34:59 --> Session: Class initialized using 'CodeIgniter\Session\Handlers\FileHandler' driver.
INFO - 2023-12-26 06:35:06 --> Session: Class initialized using 'CodeIgniter\Session\Handlers\FileHandler' driver.
INFO - 2023-12-26 06:35:08 --> Session: Class initialized using 'CodeIgniter\Session\Handlers\FileHandler' driver.
INFO - 2023-12-26 06:35:12 --> Session: Class initialized using 'CodeIgniter\Session\Handlers\FileHandler' driver.
INFO - 2023-12-26 06:38:05 --> Session: Class initialized using 'CodeIgniter\Session\Handlers\FileHandler' driver.
INFO - 2023-12-26 06:38:08 --> Session: Class initialized using 'CodeIgniter\Session\Handlers\FileHandler' driver.
INFO - 2023-12-26 06:38:18 --> Session: Class initialized using 'CodeIgniter\Session\Handlers\FileHandler' driver.
INFO - 2023-12-26 06:42:29 --> Session: Class initialized using 'CodeIgniter\Session\Handlers\FileHandler' driver.
INFO - 2023-12-26 06:43:06 --> Session: Class initialized using 'CodeIgniter\Session\Handlers\FileHandler' driver.
INFO - 2023-12-26 06:43:48 --> Session: Class initialized using 'CodeIgniter\Session\Handlers\FileHandler' driver.
INFO - 2023-12-26 06:43:48 --> Session: Class initialized using 'CodeIgniter\Session\Handlers\FileHandler' driver.
INFO - 2023-12-26 06:43:50 --> Session: Class initialized using 'CodeIgniter\Session\Handlers\FileHandler' driver.
INFO - 2023-12-26 06:43:51 --> Session: Class initialized using 'CodeIgniter\Session\Handlers\FileHandler' driver.
INFO - 2023-12-26 06:44:10 --> Session: Class initialized using 'CodeIgniter\Session\Handlers\FileHandler' driver.
INFO - 2023-12-26 06:45:12 --> Session: Class initialized using 'CodeIgniter\Session\Handlers\FileHandler' driver.
INFO - 2023-12-26 06:45:14 --> Session: Class initialized using 'CodeIgniter\Session\Handlers\FileHandler' driver.
INFO - 2023-12-26 06:45:15 --> Session: Class initialized using 'CodeIgniter\Session\Handlers\FileHandler' driver.
INFO - 2023-12-26 06:45:16 --> Session: Class initialized using 'CodeIgniter\Session\Handlers\FileHandler' driver.
INFO - 2023-12-26 06:45:16 --> Session: Class initialized using 'CodeIgniter\Session\Handlers\FileHandler' driver.
INFO - 2023-12-26 06:45:20 --> Session: Class initialized using 'CodeIgniter\Session\Handlers\FileHandler' driver.
INFO - 2023-12-26 06:45:24 --> Session: Class initialized using 'CodeIgniter\Session\Handlers\FileHandler' driver.
INFO - 2023-12-26 06:45:26 --> Session: Class initialized using 'CodeIgniter\Session\Handlers\FileHandler' driver.
INFO - 2023-12-26 06:46:16 --> Session: Class initialized using 'CodeIgniter\Session\Handlers\FileHandler' driver.
INFO - 2023-12-26 06:46:17 --> Session: Class initialized using 'CodeIgniter\Session\Handlers\FileHandler' driver.
INFO - 2023-12-26 06:46:30 --> Session: Class initialized using 'CodeIgniter\Session\Handlers\FileHandler' driver.
INFO - 2023-12-26 06:46:37 --> Session: Class initialized using 'CodeIgniter\Session\Handlers\FileHandler' driver.
INFO - 2023-12-26 06:46:40 --> Session: Class initialized using 'CodeIgniter\Session\Handlers\FileHandler' driver.
INFO - 2023-12-26 06:46:50 --> Session: Class initialized using 'CodeIgniter\Session\Handlers\FileHandler' driver.
INFO - 2023-12-26 06:46:51 --> Session: Class initialized using 'CodeIgniter\Session\Handlers\FileHandler' driver.
INFO - 2023-12-26 06:46:52 --> Session: Class initialized using 'CodeIgniter\Session\Handlers\FileHandler' driver.
INFO - 2023-12-26 06:46:56 --> Session: Class initialized using 'CodeIgniter\Session\Handlers\FileHandler' driver.
INFO - 2023-12-26 06:47:03 --> Session: Class initialized using 'CodeIgniter\Session\Handlers\FileHandler' driver.
INFO - 2023-12-26 06:47:04 --> Session: Class initialized using 'CodeIgniter\Session\Handlers\FileHandler' driver.
INFO - 2023-12-26 06:48:04 --> Session: Class initialized using 'CodeIgniter\Session\Handlers\FileHandler' driver.
INFO - 2023-12-26 06:48:05 --> Session: Class initialized using 'CodeIgniter\Session\Handlers\FileHandler' driver.
INFO - 2023-12-26 06:48:06 --> Session: Class initialized using 'CodeIgniter\Session\Handlers\FileHandler' driver.
INFO - 2023-12-26 06:48:07 --> Session: Class initialized using 'CodeIgniter\Session\Handlers\FileHandler' driver.
INFO - 2023-12-26 06:48:08 --> Session: Class initialized using 'CodeIgniter\Session\Handlers\FileHandler' driver.
INFO - 2023-12-26 06:48:09 --> Session: Class initialized using 'CodeIgniter\Session\Handlers\FileHandler' driver.
INFO - 2023-12-26 06:50:20 --> Session: Class initialized using 'CodeIgniter\Session\Handlers\FileHandler' driver.
INFO - 2023-12-26 06:53:47 --> Session: Class initialized using 'CodeIgniter\Session\Handlers\FileHandler' driver.
INFO - 2023-12-26 06:53:49 --> Session: Class initialized using 'CodeIgniter\Session\Handlers\FileHandler' driver.
INFO - 2023-12-26 06:53:49 --> Session: Class initialized using 'CodeIgniter\Session\Handlers\FileHandler' driver.
INFO - 2023-12-26 06:53:50 --> Session: Class initialized using 'CodeIgniter\Session\Handlers\FileHandler' driver.
INFO - 2023-12-26 06:53:51 --> Session: Class initialized using 'CodeIgniter\Session\Handlers\FileHandler' driver.
INFO - 2023-12-26 06:53:51 --> Session: Class initialized using 'CodeIgniter\Session\Handlers\FileHandler' driver.
INFO - 2023-12-26 06:53:52 --> Session: Class initialized using 'CodeIgniter\Session\Handlers\FileHandler' driver.
INFO - 2023-12-26 06:53:53 --> Session: Class initialized using 'CodeIgniter\Session\Handlers\FileHandler' driver.
INFO - 2023-12-26 06:53:53 --> Session: Class initialized using 'CodeIgniter\Session\Handlers\FileHandler' driver.
INFO - 2023-12-26 06:53:54 --> Session: Class initialized using 'CodeIgniter\Session\Handlers\FileHandler' driver.
INFO - 2023-12-26 06:54:20 --> Session: Class initialized using 'CodeIgniter\Session\Handlers\FileHandler' driver.
INFO - 2023-12-26 06:54:21 --> Session: Class initialized using 'CodeIgniter\Session\Handlers\FileHandler' driver.
INFO - 2023-12-26 06:54:22 --> Session: Class initialized using 'CodeIgniter\Session\Handlers\FileHandler' driver.
INFO - 2023-12-26 06:54:23 --> Session: Class initialized using 'CodeIgniter\Session\Handlers\FileHandler' driver.
INFO - 2023-12-26 06:54:24 --> Session: Class initialized using 'CodeIgniter\Session\Handlers\FileHandler' driver.
INFO - 2023-12-26 06:54:24 --> Session: Class initialized using 'CodeIgniter\Session\Handlers\FileHandler' driver.
INFO - 2023-12-26 06:54:25 --> Session: Class initialized using 'CodeIgniter\Session\Handlers\FileHandler' driver.
INFO - 2023-12-26 06:54:30 --> Session: Class initialized using 'CodeIgniter\Session\Handlers\FileHandler' driver.
INFO - 2023-12-26 06:54:30 --> Session: Class initialized using 'CodeIgniter\Session\Handlers\FileHandler' driver.
INFO - 2023-12-26 06:54:32 --> Session: Class initialized using 'CodeIgniter\Session\Handlers\FileHandler' driver.
INFO - 2023-12-26 06:54:33 --> Session: Class initialized using 'CodeIgniter\Session\Handlers\FileHandler' driver.
INFO - 2023-12-26 06:54:34 --> Session: Class initialized using 'CodeIgniter\Session\Handlers\FileHandler' driver.
INFO - 2023-12-26 06:54:35 --> Session: Class initialized using 'CodeIgniter\Session\Handlers\FileHandler' driver.
INFO - 2023-12-26 06:54:43 --> Session: Class initialized using 'CodeIgniter\Session\Handlers\FileHandler' driver.
INFO - 2023-12-26 06:54:45 --> Session: Class initialized using 'CodeIgniter\Session\Handlers\FileHandler' driver.
INFO - 2023-12-26 06:54:46 --> Session: Class initialized using 'CodeIgniter\Session\Handlers\FileHandler' driver.
INFO - 2023-12-26 06:54:47 --> Session: Class initialized using 'CodeIgniter\Session\Handlers\FileHandler' driver.
INFO - 2023-12-26 06:56:58 --> Session: Class initialized using 'CodeIgniter\Session\Handlers\FileHandler' driver.
INFO - 2023-12-26 06:57:01 --> Session: Class initialized using 'CodeIgniter\Session\Handlers\FileHandler' driver.
INFO - 2023-12-26 06:57:07 --> Session: Class initialized using 'CodeIgniter\Session\Handlers\FileHandler' driver.
INFO - 2023-12-26 06:57:07 --> Session: Class initialized using 'CodeIgniter\Session\Handlers\FileHandler' driver.
INFO - 2023-12-26 06:57:11 --> Session: Class initialized using 'CodeIgniter\Session\Handlers\FileHandler' driver.
CRITICAL - 2023-12-26 06:57:11 --> Undefined property: stdClass::$username
in APPPATH\Controllers\Login.php on line 53.
 1 APPPATH\Controllers\Login.php(53): CodeIgniter\Debug\Exceptions->errorHandler(2, 'Undefined property: stdClass::$username', 'C:\\xampp\\htdocs\\myproject\\app\\Controllers\\Login.php', 53)
 2 SYSTEMPATH\CodeIgniter.php(942): App\Controllers\Login->index()
 3 SYSTEMPATH\CodeIgniter.php(502): CodeIgniter\CodeIgniter->runController(Object(App\Controllers\Login))
 4 SYSTEMPATH\CodeIgniter.php(361): CodeIgniter\CodeIgniter->handleRequest(null, Object(Config\Cache), false)
 5 FCPATH\index.php(79): CodeIgniter\CodeIgniter->run()
 6 SYSTEMPATH\Commands\Server\rewrite.php(47): require_once('C:\\xampp\\htdocs\\myproject\\public\\index.php')
INFO - 2023-12-26 06:57:28 --> Session: Class initialized using 'CodeIgniter\Session\Handlers\FileHandler' driver.
INFO - 2023-12-26 06:57:31 --> Session: Class initialized using 'CodeIgniter\Session\Handlers\FileHandler' driver.
INFO - 2023-12-26 06:57:31 --> Session: Class initialized using 'CodeIgniter\Session\Handlers\FileHandler' driver.
INFO - 2023-12-26 06:57:34 --> Session: Class initialized using 'CodeIgniter\Session\Handlers\FileHandler' driver.
INFO - 2023-12-26 06:57:34 --> Session: Class initialized using 'CodeIgniter\Session\Handlers\FileHandler' driver.
INFO - 2023-12-26 06:57:40 --> Session: Class initialized using 'CodeIgniter\Session\Handlers\FileHandler' driver.
INFO - 2023-12-26 06:57:40 --> Session: Class initialized using 'CodeIgniter\Session\Handlers\FileHandler' driver.
INFO - 2023-12-26 06:57:44 --> Session: Class initialized using 'CodeIgniter\Session\Handlers\FileHandler' driver.
INFO - 2023-12-26 06:58:02 --> Session: Class initialized using 'CodeIgniter\Session\Handlers\FileHandler' driver.
INFO - 2023-12-26 06:58:03 --> Session: Class initialized using 'CodeIgniter\Session\Handlers\FileHandler' driver.
INFO - 2023-12-26 06:58:04 --> Session: Class initialized using 'CodeIgniter\Session\Handlers\FileHandler' driver.
INFO - 2023-12-26 06:58:21 --> Session: Class initialized using 'CodeIgniter\Session\Handlers\FileHandler' driver.
INFO - 2023-12-26 06:58:22 --> Session: Class initialized using 'CodeIgniter\Session\Handlers\FileHandler' driver.
INFO - 2023-12-26 06:58:23 --> Session: Class initialized using 'CodeIgniter\Session\Handlers\FileHandler' driver.
INFO - 2023-12-26 06:58:24 --> Session: Class initialized using 'CodeIgniter\Session\Handlers\FileHandler' driver.
INFO - 2023-12-26 06:58:25 --> Session: Class initialized using 'CodeIgniter\Session\Handlers\FileHandler' driver.
INFO - 2023-12-26 06:58:25 --> Session: Class initialized using 'CodeIgniter\Session\Handlers\FileHandler' driver.
INFO - 2023-12-26 06:58:27 --> Session: Class initialized using 'CodeIgniter\Session\Handlers\FileHandler' driver.
INFO - 2023-12-26 06:58:28 --> Session: Class initialized using 'CodeIgniter\Session\Handlers\FileHandler' driver.
INFO - 2023-12-26 07:00:31 --> Session: Class initialized using 'CodeIgniter\Session\Handlers\FileHandler' driver.
INFO - 2023-12-26 07:00:48 --> Session: Class initialized using 'CodeIgniter\Session\Handlers\FileHandler' driver.
INFO - 2023-12-26 07:02:22 --> Session: Class initialized using 'CodeIgniter\Session\Handlers\FileHandler' driver.
INFO - 2023-12-26 07:02:57 --> Session: Class initialized using 'CodeIgniter\Session\Handlers\FileHandler' driver.
INFO - 2023-12-26 07:03:32 --> Session: Class initialized using 'CodeIgniter\Session\Handlers\FileHandler' driver.
INFO - 2023-12-26 07:03:33 --> Session: Class initialized using 'CodeIgniter\Session\Handlers\FileHandler' driver.
INFO - 2023-12-26 07:03:40 --> Session: Class initialized using 'CodeIgniter\Session\Handlers\FileHandler' driver.
INFO - 2023-12-26 07:03:43 --> Session: Class initialized using 'CodeIgniter\Session\Handlers\FileHandler' driver.
INFO - 2023-12-26 07:05:04 --> Session: Class initialized using 'CodeIgniter\Session\Handlers\FileHandler' driver.
INFO - 2023-12-26 07:05:46 --> Session: Class initialized using 'CodeIgniter\Session\Handlers\FileHandler' driver.
INFO - 2023-12-26 07:05:54 --> Session: Class initialized using 'CodeIgniter\Session\Handlers\FileHandler' driver.
INFO - 2023-12-26 07:06:18 --> Session: Class initialized using 'CodeIgniter\Session\Handlers\FileHandler' driver.
INFO - 2023-12-26 07:06:26 --> Session: Class initialized using 'CodeIgniter\Session\Handlers\FileHandler' driver.
INFO - 2023-12-26 07:06:59 --> Session: Class initialized using 'CodeIgniter\Session\Handlers\FileHandler' driver.
INFO - 2023-12-26 07:07:08 --> Session: Class initialized using 'CodeIgniter\Session\Handlers\FileHandler' driver.
INFO - 2023-12-26 07:12:43 --> Session: Class initialized using 'CodeIgniter\Session\Handlers\FileHandler' driver.
INFO - 2023-12-26 07:12:54 --> Session: Class initialized using 'CodeIgniter\Session\Handlers\FileHandler' driver.
INFO - 2023-12-26 07:13:12 --> Session: Class initialized using 'CodeIgniter\Session\Handlers\FileHandler' driver.
INFO - 2023-12-26 07:13:33 --> Session: Class initialized using 'CodeIgniter\Session\Handlers\FileHandler' driver.
INFO - 2023-12-26 07:13:38 --> Session: Class initialized using 'CodeIgniter\Session\Handlers\FileHandler' driver.
ERROR - 2023-12-26 07:13:38 --> mysqli_sql_exception: Unknown column 'password' in 'where clause' in C:\xampp\htdocs\myproject\vendor\codeigniter4\framework\system\Database\MySQLi\Connection.php:306
Stack trace:
#0 C:\xampp\htdocs\myproject\vendor\codeigniter4\framework\system\Database\MySQLi\Connection.php(306): mysqli->query('UPDATE `penyedi...', 0)
#1 C:\xampp\htdocs\myproject\vendor\codeigniter4\framework\system\Database\BaseConnection.php(693): CodeIgniter\Database\MySQLi\Connection->execute('UPDATE `penyedi...')
#2 C:\xampp\htdocs\myproject\vendor\codeigniter4\framework\system\Database\BaseConnection.php(607): CodeIgniter\Database\BaseConnection->simpleQuery('UPDATE `penyedi...')
#3 C:\xampp\htdocs\myproject\vendor\codeigniter4\framework\system\Database\BaseBuilder.php(2475): CodeIgniter\Database\BaseConnection->query('UPDATE `penyedi...', Array, false)
#4 C:\xampp\htdocs\myproject\vendor\codeigniter4\framework\system\Model.php(385): CodeIgniter\Database\BaseBuilder->update()
#5 C:\xampp\htdocs\myproject\vendor\codeigniter4\framework\system\BaseModel.php(949): CodeIgniter\Model->doUpdate(NULL, Array)
#6 C:\xampp\htdocs\myproject\vendor\codeigniter4\framework\system\Model.php(776): CodeIgniter\BaseModel->update(NULL, Array)
#7 C:\xampp\htdocs\myproject\app\Controllers\PenyediaController.php(106): CodeIgniter\Model->update()
#8 C:\xampp\htdocs\myproject\vendor\codeigniter4\framework\system\CodeIgniter.php(942): App\Controllers\PenyediaController->ubahPassword()
#9 C:\xampp\htdocs\myproject\vendor\codeigniter4\framework\system\CodeIgniter.php(502): CodeIgniter\CodeIgniter->runController(Object(App\Controllers\PenyediaController))
#10 C:\xampp\htdocs\myproject\vendor\codeigniter4\framework\system\CodeIgniter.php(361): CodeIgniter\CodeIgniter->handleRequest(NULL, Object(Config\Cache), false)
#11 C:\xampp\htdocs\myproject\public\index.php(79): CodeIgniter\CodeIgniter->run()
#12 C:\xampp\htdocs\myproject\vendor\codeigniter4\framework\system\Commands\Server\rewrite.php(47): require_once('C:\\xampp\\htdocs...')
#13 {main}
CRITICAL - 2023-12-26 07:13:38 --> Unknown column 'password' in 'where clause'
in SYSTEMPATH\Database\BaseConnection.php on line 647.
 1 SYSTEMPATH\Database\BaseBuilder.php(2475): CodeIgniter\Database\BaseConnection->query('UPDATE `penyedia` SET `pypassword` = :pypassword:
WHERE `idpenyedia` = :idpenyedia:
AND `password` = :password:', [...], false)
 2 SYSTEMPATH\Model.php(385): CodeIgniter\Database\BaseBuilder->update()
 3 SYSTEMPATH\BaseModel.php(949): CodeIgniter\Model->doUpdate(null, [...])
 4 SYSTEMPATH\Model.php(776): CodeIgniter\BaseModel->update(null, [...])
 5 APPPATH\Controllers\PenyediaController.php(106): CodeIgniter\Model->update()
 6 SYSTEMPATH\CodeIgniter.php(942): App\Controllers\PenyediaController->ubahPassword()
 7 SYSTEMPATH\CodeIgniter.php(502): CodeIgniter\CodeIgniter->runController(Object(App\Controllers\PenyediaController))
 8 SYSTEMPATH\CodeIgniter.php(361): CodeIgniter\CodeIgniter->handleRequest(null, Object(Config\Cache), false)
 9 FCPATH\index.php(79): CodeIgniter\CodeIgniter->run()
10 SYSTEMPATH\Commands\Server\rewrite.php(47): require_once('C:\\xampp\\htdocs\\myproject\\public\\index.php')
INFO - 2023-12-26 07:13:54 --> Session: Class initialized using 'CodeIgniter\Session\Handlers\FileHandler' driver.
INFO - 2023-12-26 07:13:58 --> Session: Class initialized using 'CodeIgniter\Session\Handlers\FileHandler' driver.
INFO - 2023-12-26 07:14:37 --> Session: Class initialized using 'CodeIgniter\Session\Handlers\FileHandler' driver.
INFO - 2023-12-26 07:14:42 --> Session: Class initialized using 'CodeIgniter\Session\Handlers\FileHandler' driver.
INFO - 2023-12-26 07:14:45 --> Session: Class initialized using 'CodeIgniter\Session\Handlers\FileHandler' driver.
INFO - 2023-12-26 07:14:51 --> Session: Class initialized using 'CodeIgniter\Session\Handlers\FileHandler' driver.
INFO - 2023-12-26 07:14:51 --> Session: Class initialized using 'CodeIgniter\Session\Handlers\FileHandler' driver.
INFO - 2023-12-26 07:15:45 --> Session: Class initialized using 'CodeIgniter\Session\Handlers\FileHandler' driver.
INFO - 2023-12-26 07:15:51 --> Session: Class initialized using 'CodeIgniter\Session\Handlers\FileHandler' driver.
INFO - 2023-12-26 07:15:54 --> Session: Class initialized using 'CodeIgniter\Session\Handlers\FileHandler' driver.
INFO - 2023-12-26 07:15:58 --> Session: Class initialized using 'CodeIgniter\Session\Handlers\FileHandler' driver.
INFO - 2023-12-26 07:16:21 --> Session: Class initialized using 'CodeIgniter\Session\Handlers\FileHandler' driver.
INFO - 2023-12-26 07:16:24 --> Session: Class initialized using 'CodeIgniter\Session\Handlers\FileHandler' driver.
INFO - 2023-12-26 07:16:32 --> Session: Class initialized using 'CodeIgniter\Session\Handlers\FileHandler' driver.
INFO - 2023-12-26 07:16:33 --> Session: Class initialized using 'CodeIgniter\Session\Handlers\FileHandler' driver.
INFO - 2023-12-26 07:16:38 --> Session: Class initialized using 'CodeIgniter\Session\Handlers\FileHandler' driver.
INFO - 2023-12-26 07:16:53 --> Session: Class initialized using 'CodeIgniter\Session\Handlers\FileHandler' driver.
INFO - 2023-12-26 07:16:55 --> Session: Class initialized using 'CodeIgniter\Session\Handlers\FileHandler' driver.
INFO - 2023-12-26 07:16:55 --> Session: Class initialized using 'CodeIgniter\Session\Handlers\FileHandler' driver.
INFO - 2023-12-26 07:16:56 --> Session: Class initialized using 'CodeIgniter\Session\Handlers\FileHandler' driver.
INFO - 2023-12-26 07:16:56 --> Session: Class initialized using 'CodeIgniter\Session\Handlers\FileHandler' driver.
INFO - 2023-12-26 07:16:57 --> Session: Class initialized using 'CodeIgniter\Session\Handlers\FileHandler' driver.
INFO - 2023-12-26 07:17:00 --> Session: Class initialized using 'CodeIgniter\Session\Handlers\FileHandler' driver.
INFO - 2023-12-26 07:17:02 --> Session: Class initialized using 'CodeIgniter\Session\Handlers\FileHandler' driver.
INFO - 2023-12-26 07:17:03 --> Session: Class initialized using 'CodeIgniter\Session\Handlers\FileHandler' driver.
INFO - 2023-12-26 07:17:07 --> Session: Class initialized using 'CodeIgniter\Session\Handlers\FileHandler' driver.
INFO - 2023-12-26 07:17:09 --> Session: Class initialized using 'CodeIgniter\Session\Handlers\FileHandler' driver.
INFO - 2023-12-26 07:17:11 --> Session: Class initialized using 'CodeIgniter\Session\Handlers\FileHandler' driver.
INFO - 2023-12-26 07:17:14 --> Session: Class initialized using 'CodeIgniter\Session\Handlers\FileHandler' driver.
INFO - 2023-12-26 07:20:52 --> Session: Class initialized using 'CodeIgniter\Session\Handlers\FileHandler' driver.
CRITICAL - 2023-12-26 07:20:52 --> The route for "http://localhost:8080/" cannot be found.
in SYSTEMPATH\HTTP\RedirectResponse.php on line 62.
 1 SYSTEMPATH\HTTP\RedirectResponse.php(62): CodeIgniter\HTTP\Exceptions\HTTPException::forInvalidRedirectRoute('http://localhost:8080/')
 2 SYSTEMPATH\Common.php(878): CodeIgniter\HTTP\RedirectResponse->route(false)
 3 APPPATH\Views\penyedia\components\akun-header-footer.php(3): redirect('http://localhost:8080/')
 4 SYSTEMPATH\View\View.php(228): include('C:\\xampp\\htdocs\\myproject\\app\\Views\\penyedia\\components\\akun-header-footer.php')
 5 SYSTEMPATH\View\View.php(231): CodeIgniter\View\View->CodeIgniter\View\{closure}()
 6 SYSTEMPATH\View\View.php(244): CodeIgniter\View\View->render('penyedia\\components\\akun-header-footer', [], true)
 7 SYSTEMPATH\Common.php(1190): CodeIgniter\View\View->render('penyedia/UbahSandi', [], true)
 8 APPPATH\Controllers\Penyedia.php(45): view('penyedia/UbahSandi')
 9 SYSTEMPATH\CodeIgniter.php(942): App\Controllers\Penyedia->ubah_sandi()
10 SYSTEMPATH\CodeIgniter.php(502): CodeIgniter\CodeIgniter->runController(Object(App\Controllers\Penyedia))
11 SYSTEMPATH\CodeIgniter.php(361): CodeIgniter\CodeIgniter->handleRequest(null, Object(Config\Cache), false)
12 FCPATH\index.php(79): CodeIgniter\CodeIgniter->run()
13 SYSTEMPATH\Commands\Server\rewrite.php(47): require_once('C:\\xampp\\htdocs\\myproject\\public\\index.php')
INFO - 2023-12-26 07:21:07 --> Session: Class initialized using 'CodeIgniter\Session\Handlers\FileHandler' driver.
CRITICAL - 2023-12-26 07:21:07 --> The route for "http://localhost:8080/" cannot be found.
in SYSTEMPATH\HTTP\RedirectResponse.php on line 62.
 1 SYSTEMPATH\HTTP\RedirectResponse.php(62): CodeIgniter\HTTP\Exceptions\HTTPException::forInvalidRedirectRoute('http://localhost:8080/')
 2 SYSTEMPATH\Common.php(878): CodeIgniter\HTTP\RedirectResponse->route(false)
 3 APPPATH\Views\penyedia\components\akun-header-footer.php(3): redirect('http://localhost:8080/')
 4 SYSTEMPATH\View\View.php(228): include('C:\\xampp\\htdocs\\myproject\\app\\Views\\penyedia\\components\\akun-header-footer.php')
 5 SYSTEMPATH\View\View.php(231): CodeIgniter\View\View->CodeIgniter\View\{closure}()
 6 SYSTEMPATH\View\View.php(244): CodeIgniter\View\View->render('penyedia\\components\\akun-header-footer', [], true)
 7 SYSTEMPATH\Common.php(1190): CodeIgniter\View\View->render('penyedia/akun', [], true)
 8 APPPATH\Controllers\Penyedia.php(20): view('penyedia/akun')
 9 SYSTEMPATH\CodeIgniter.php(942): App\Controllers\Penyedia->akun()
10 SYSTEMPATH\CodeIgniter.php(502): CodeIgniter\CodeIgniter->runController(Object(App\Controllers\Penyedia))
11 SYSTEMPATH\CodeIgniter.php(361): CodeIgniter\CodeIgniter->handleRequest(null, Object(Config\Cache), false)
12 FCPATH\index.php(79): CodeIgniter\CodeIgniter->run()
13 SYSTEMPATH\Commands\Server\rewrite.php(47): require_once('C:\\xampp\\htdocs\\myproject\\public\\index.php')
INFO - 2023-12-26 07:21:09 --> Session: Class initialized using 'CodeIgniter\Session\Handlers\FileHandler' driver.
CRITICAL - 2023-12-26 07:21:09 --> The route for "http://localhost:8080/" cannot be found.
in SYSTEMPATH\HTTP\RedirectResponse.php on line 62.
 1 SYSTEMPATH\HTTP\RedirectResponse.php(62): CodeIgniter\HTTP\Exceptions\HTTPException::forInvalidRedirectRoute('http://localhost:8080/')
 2 SYSTEMPATH\Common.php(878): CodeIgniter\HTTP\RedirectResponse->route(false)
 3 APPPATH\Views\penyedia\components\akun-header-footer.php(3): redirect('http://localhost:8080/')
 4 SYSTEMPATH\View\View.php(228): include('C:\\xampp\\htdocs\\myproject\\app\\Views\\penyedia\\components\\akun-header-footer.php')
 5 SYSTEMPATH\View\View.php(231): CodeIgniter\View\View->CodeIgniter\View\{closure}()
 6 SYSTEMPATH\View\View.php(244): CodeIgniter\View\View->render('penyedia\\components\\akun-header-footer', [], true)
 7 SYSTEMPATH\Common.php(1190): CodeIgniter\View\View->render('penyedia/akun', [], true)
 8 APPPATH\Controllers\Penyedia.php(20): view('penyedia/akun')
 9 SYSTEMPATH\CodeIgniter.php(942): App\Controllers\Penyedia->akun()
10 SYSTEMPATH\CodeIgniter.php(502): CodeIgniter\CodeIgniter->runController(Object(App\Controllers\Penyedia))
11 SYSTEMPATH\CodeIgniter.php(361): CodeIgniter\CodeIgniter->handleRequest(null, Object(Config\Cache), false)
12 FCPATH\index.php(79): CodeIgniter\CodeIgniter->run()
13 SYSTEMPATH\Commands\Server\rewrite.php(47): require_once('C:\\xampp\\htdocs\\myproject\\public\\index.php')
INFO - 2023-12-26 07:21:45 --> Session: Class initialized using 'CodeIgniter\Session\Handlers\FileHandler' driver.
CRITICAL - 2023-12-26 07:21:45 --> The route for "http://localhost:8080/" cannot be found.
in SYSTEMPATH\HTTP\RedirectResponse.php on line 62.
 1 SYSTEMPATH\HTTP\RedirectResponse.php(62): CodeIgniter\HTTP\Exceptions\HTTPException::forInvalidRedirectRoute('http://localhost:8080/')
 2 SYSTEMPATH\Common.php(878): CodeIgniter\HTTP\RedirectResponse->route(false)
 3 APPPATH\Views\penyedia\components\akun-header-footer.php(3): redirect('http://localhost:8080/')
 4 SYSTEMPATH\View\View.php(228): include('C:\\xampp\\htdocs\\myproject\\app\\Views\\penyedia\\components\\akun-header-footer.php')
 5 SYSTEMPATH\View\View.php(231): CodeIgniter\View\View->CodeIgniter\View\{closure}()
 6 SYSTEMPATH\View\View.php(244): CodeIgniter\View\View->render('penyedia\\components\\akun-header-footer', [], true)
 7 SYSTEMPATH\Common.php(1190): CodeIgniter\View\View->render('penyedia/akun', [], true)
 8 APPPATH\Controllers\Penyedia.php(20): view('penyedia/akun')
 9 SYSTEMPATH\CodeIgniter.php(942): App\Controllers\Penyedia->akun()
10 SYSTEMPATH\CodeIgniter.php(502): CodeIgniter\CodeIgniter->runController(Object(App\Controllers\Penyedia))
11 SYSTEMPATH\CodeIgniter.php(361): CodeIgniter\CodeIgniter->handleRequest(null, Object(Config\Cache), false)
12 FCPATH\index.php(79): CodeIgniter\CodeIgniter->run()
13 SYSTEMPATH\Commands\Server\rewrite.php(47): require_once('C:\\xampp\\htdocs\\myproject\\public\\index.php')
INFO - 2023-12-26 07:21:46 --> Session: Class initialized using 'CodeIgniter\Session\Handlers\FileHandler' driver.
CRITICAL - 2023-12-26 07:21:46 --> The route for "http://localhost:8080/" cannot be found.
in SYSTEMPATH\HTTP\RedirectResponse.php on line 62.
 1 SYSTEMPATH\HTTP\RedirectResponse.php(62): CodeIgniter\HTTP\Exceptions\HTTPException::forInvalidRedirectRoute('http://localhost:8080/')
 2 SYSTEMPATH\Common.php(878): CodeIgniter\HTTP\RedirectResponse->route(false)
 3 APPPATH\Views\penyedia\components\akun-header-footer.php(3): redirect('http://localhost:8080/')
 4 SYSTEMPATH\View\View.php(228): include('C:\\xampp\\htdocs\\myproject\\app\\Views\\penyedia\\components\\akun-header-footer.php')
 5 SYSTEMPATH\View\View.php(231): CodeIgniter\View\View->CodeIgniter\View\{closure}()
 6 SYSTEMPATH\View\View.php(244): CodeIgniter\View\View->render('penyedia\\components\\akun-header-footer', [], true)
 7 SYSTEMPATH\Common.php(1190): CodeIgniter\View\View->render('penyedia/akun', [], true)
 8 APPPATH\Controllers\Penyedia.php(20): view('penyedia/akun')
 9 SYSTEMPATH\CodeIgniter.php(942): App\Controllers\Penyedia->akun()
10 SYSTEMPATH\CodeIgniter.php(502): CodeIgniter\CodeIgniter->runController(Object(App\Controllers\Penyedia))
11 SYSTEMPATH\CodeIgniter.php(361): CodeIgniter\CodeIgniter->handleRequest(null, Object(Config\Cache), false)
12 FCPATH\index.php(79): CodeIgniter\CodeIgniter->run()
13 SYSTEMPATH\Commands\Server\rewrite.php(47): require_once('C:\\xampp\\htdocs\\myproject\\public\\index.php')
INFO - 2023-12-26 07:22:06 --> Session: Class initialized using 'CodeIgniter\Session\Handlers\FileHandler' driver.
CRITICAL - 2023-12-26 07:22:06 --> The route for "http://localhost:8080/login" cannot be found.
in SYSTEMPATH\HTTP\RedirectResponse.php on line 62.
 1 SYSTEMPATH\HTTP\RedirectResponse.php(62): CodeIgniter\HTTP\Exceptions\HTTPException::forInvalidRedirectRoute('http://localhost:8080/login')
 2 SYSTEMPATH\Common.php(878): CodeIgniter\HTTP\RedirectResponse->route(false)
 3 APPPATH\Views\penyedia\components\akun-header-footer.php(3): redirect('http://localhost:8080/login')
 4 SYSTEMPATH\View\View.php(228): include('C:\\xampp\\htdocs\\myproject\\app\\Views\\penyedia\\components\\akun-header-footer.php')
 5 SYSTEMPATH\View\View.php(231): CodeIgniter\View\View->CodeIgniter\View\{closure}()
 6 SYSTEMPATH\View\View.php(244): CodeIgniter\View\View->render('penyedia\\components\\akun-header-footer', [], true)
 7 SYSTEMPATH\Common.php(1190): CodeIgniter\View\View->render('penyedia/akun', [], true)
 8 APPPATH\Controllers\Penyedia.php(20): view('penyedia/akun')
 9 SYSTEMPATH\CodeIgniter.php(942): App\Controllers\Penyedia->akun()
10 SYSTEMPATH\CodeIgniter.php(502): CodeIgniter\CodeIgniter->runController(Object(App\Controllers\Penyedia))
11 SYSTEMPATH\CodeIgniter.php(361): CodeIgniter\CodeIgniter->handleRequest(null, Object(Config\Cache), false)
12 FCPATH\index.php(79): CodeIgniter\CodeIgniter->run()
13 SYSTEMPATH\Commands\Server\rewrite.php(47): require_once('C:\\xampp\\htdocs\\myproject\\public\\index.php')
INFO - 2023-12-26 07:22:36 --> Session: Class initialized using 'CodeIgniter\Session\Handlers\FileHandler' driver.
INFO - 2023-12-26 07:22:38 --> Session: Class initialized using 'CodeIgniter\Session\Handlers\FileHandler' driver.
CRITICAL - 2023-12-26 07:22:38 --> The route for "http://localhost:8080/" cannot be found.
in SYSTEMPATH\HTTP\RedirectResponse.php on line 62.
 1 SYSTEMPATH\HTTP\RedirectResponse.php(62): CodeIgniter\HTTP\Exceptions\HTTPException::forInvalidRedirectRoute('http://localhost:8080/')
 2 SYSTEMPATH\Common.php(878): CodeIgniter\HTTP\RedirectResponse->route(false)
 3 APPPATH\Controllers\Penyedia.php(65): redirect('http://localhost:8080/')
 4 SYSTEMPATH\CodeIgniter.php(942): App\Controllers\Penyedia->keluar()
 5 SYSTEMPATH\CodeIgniter.php(502): CodeIgniter\CodeIgniter->runController(Object(App\Controllers\Penyedia))
 6 SYSTEMPATH\CodeIgniter.php(361): CodeIgniter\CodeIgniter->handleRequest(null, Object(Config\Cache), false)
 7 FCPATH\index.php(79): CodeIgniter\CodeIgniter->run()
 8 SYSTEMPATH\Commands\Server\rewrite.php(47): require_once('C:\\xampp\\htdocs\\myproject\\public\\index.php')
INFO - 2023-12-26 07:22:41 --> Session: Class initialized using 'CodeIgniter\Session\Handlers\FileHandler' driver.
INFO - 2023-12-26 07:23:07 --> Session: Class initialized using 'CodeIgniter\Session\Handlers\FileHandler' driver.
INFO - 2023-12-26 07:23:08 --> Session: Class initialized using 'CodeIgniter\Session\Handlers\FileHandler' driver.
INFO - 2023-12-26 07:23:10 --> Session: Class initialized using 'CodeIgniter\Session\Handlers\FileHandler' driver.
INFO - 2023-12-26 07:23:16 --> Session: Class initialized using 'CodeIgniter\Session\Handlers\FileHandler' driver.
INFO - 2023-12-26 07:23:19 --> Session: Class initialized using 'CodeIgniter\Session\Handlers\FileHandler' driver.
CRITICAL - 2023-12-26 07:23:19 --> The route for "/login" cannot be found.
in SYSTEMPATH\HTTP\RedirectResponse.php on line 62.
 1 SYSTEMPATH\HTTP\RedirectResponse.php(62): CodeIgniter\HTTP\Exceptions\HTTPException::forInvalidRedirectRoute('/login')
 2 SYSTEMPATH\Common.php(878): CodeIgniter\HTTP\RedirectResponse->route(false)
 3 APPPATH\Controllers\Penyedia.php(65): redirect('/login')
 4 SYSTEMPATH\CodeIgniter.php(942): App\Controllers\Penyedia->keluar()
 5 SYSTEMPATH\CodeIgniter.php(502): CodeIgniter\CodeIgniter->runController(Object(App\Controllers\Penyedia))
 6 SYSTEMPATH\CodeIgniter.php(361): CodeIgniter\CodeIgniter->handleRequest(null, Object(Config\Cache), false)
 7 FCPATH\index.php(79): CodeIgniter\CodeIgniter->run()
 8 SYSTEMPATH\Commands\Server\rewrite.php(47): require_once('C:\\xampp\\htdocs\\myproject\\public\\index.php')
INFO - 2023-12-26 07:23:53 --> Session: Class initialized using 'CodeIgniter\Session\Handlers\FileHandler' driver.
INFO - 2023-12-26 07:23:54 --> Session: Class initialized using 'CodeIgniter\Session\Handlers\FileHandler' driver.
INFO - 2023-12-26 07:24:44 --> Session: Class initialized using 'CodeIgniter\Session\Handlers\FileHandler' driver.
INFO - 2023-12-26 07:24:46 --> Session: Class initialized using 'CodeIgniter\Session\Handlers\FileHandler' driver.
INFO - 2023-12-26 07:24:46 --> Session: Class initialized using 'CodeIgniter\Session\Handlers\FileHandler' driver.
INFO - 2023-12-26 07:24:47 --> Session: Class initialized using 'CodeIgniter\Session\Handlers\FileHandler' driver.
INFO - 2023-12-26 07:24:48 --> Session: Class initialized using 'CodeIgniter\Session\Handlers\FileHandler' driver.
INFO - 2023-12-26 07:24:56 --> Session: Class initialized using 'CodeIgniter\Session\Handlers\FileHandler' driver.
INFO - 2023-12-26 07:25:23 --> Session: Class initialized using 'CodeIgniter\Session\Handlers\FileHandler' driver.
CRITICAL - 2023-12-26 07:25:23 --> The route for "keluar" cannot be found.
in SYSTEMPATH\HTTP\RedirectResponse.php on line 62.
 1 SYSTEMPATH\HTTP\RedirectResponse.php(62): CodeIgniter\HTTP\Exceptions\HTTPException::forInvalidRedirectRoute('keluar')
 2 SYSTEMPATH\Common.php(878): CodeIgniter\HTTP\RedirectResponse->route(false)
 3 APPPATH\Views\penyedia\components\header-footer.php(3): redirect('keluar')
 4 SYSTEMPATH\View\View.php(228): include('C:\\xampp\\htdocs\\myproject\\app\\Views\\penyedia\\components\\header-footer.php')
 5 SYSTEMPATH\View\View.php(231): CodeIgniter\View\View->CodeIgniter\View\{closure}()
 6 SYSTEMPATH\View\View.php(244): CodeIgniter\View\View->render('penyedia\\components\\header-footer', [], true)
 7 SYSTEMPATH\Common.php(1190): CodeIgniter\View\View->render('penyedia/pesanan', [], true)
 8 APPPATH\Controllers\Penyedia.php(35): view('penyedia/pesanan')
 9 SYSTEMPATH\CodeIgniter.php(942): App\Controllers\Penyedia->pesanan()
10 SYSTEMPATH\CodeIgniter.php(502): CodeIgniter\CodeIgniter->runController(Object(App\Controllers\Penyedia))
11 SYSTEMPATH\CodeIgniter.php(361): CodeIgniter\CodeIgniter->handleRequest(null, Object(Config\Cache), false)
12 FCPATH\index.php(79): CodeIgniter\CodeIgniter->run()
13 SYSTEMPATH\Commands\Server\rewrite.php(47): require_once('C:\\xampp\\htdocs\\myproject\\public\\index.php')
INFO - 2023-12-26 07:25:26 --> Session: Class initialized using 'CodeIgniter\Session\Handlers\FileHandler' driver.
CRITICAL - 2023-12-26 07:25:26 --> The route for "keluar" cannot be found.
in SYSTEMPATH\HTTP\RedirectResponse.php on line 62.
 1 SYSTEMPATH\HTTP\RedirectResponse.php(62): CodeIgniter\HTTP\Exceptions\HTTPException::forInvalidRedirectRoute('keluar')
 2 SYSTEMPATH\Common.php(878): CodeIgniter\HTTP\RedirectResponse->route(false)
 3 APPPATH\Views\penyedia\components\header-footer.php(3): redirect('keluar')
 4 SYSTEMPATH\View\View.php(228): include('C:\\xampp\\htdocs\\myproject\\app\\Views\\penyedia\\components\\header-footer.php')
 5 SYSTEMPATH\View\View.php(231): CodeIgniter\View\View->CodeIgniter\View\{closure}()
 6 SYSTEMPATH\View\View.php(244): CodeIgniter\View\View->render('penyedia\\components\\header-footer', [], true)
 7 SYSTEMPATH\Common.php(1190): CodeIgniter\View\View->render('penyedia/pesanan', [], true)
 8 APPPATH\Controllers\Penyedia.php(35): view('penyedia/pesanan')
 9 SYSTEMPATH\CodeIgniter.php(942): App\Controllers\Penyedia->pesanan()
10 SYSTEMPATH\CodeIgniter.php(502): CodeIgniter\CodeIgniter->runController(Object(App\Controllers\Penyedia))
11 SYSTEMPATH\CodeIgniter.php(361): CodeIgniter\CodeIgniter->handleRequest(null, Object(Config\Cache), false)
12 FCPATH\index.php(79): CodeIgniter\CodeIgniter->run()
13 SYSTEMPATH\Commands\Server\rewrite.php(47): require_once('C:\\xampp\\htdocs\\myproject\\public\\index.php')
INFO - 2023-12-26 07:25:28 --> Session: Class initialized using 'CodeIgniter\Session\Handlers\FileHandler' driver.
CRITICAL - 2023-12-26 07:25:28 --> The route for "keluar" cannot be found.
in SYSTEMPATH\HTTP\RedirectResponse.php on line 62.
 1 SYSTEMPATH\HTTP\RedirectResponse.php(62): CodeIgniter\HTTP\Exceptions\HTTPException::forInvalidRedirectRoute('keluar')
 2 SYSTEMPATH\Common.php(878): CodeIgniter\HTTP\RedirectResponse->route(false)
 3 APPPATH\Views\penyedia\components\header-footer.php(3): redirect('keluar')
 4 SYSTEMPATH\View\View.php(228): include('C:\\xampp\\htdocs\\myproject\\app\\Views\\penyedia\\components\\header-footer.php')
 5 SYSTEMPATH\View\View.php(231): CodeIgniter\View\View->CodeIgniter\View\{closure}()
 6 SYSTEMPATH\View\View.php(244): CodeIgniter\View\View->render('penyedia\\components\\header-footer', [], true)
 7 SYSTEMPATH\Common.php(1190): CodeIgniter\View\View->render('penyedia/index', [], true)
 8 APPPATH\Controllers\Penyedia.php(15): view('penyedia/index')
 9 SYSTEMPATH\CodeIgniter.php(942): App\Controllers\Penyedia->index()
10 SYSTEMPATH\CodeIgniter.php(502): CodeIgniter\CodeIgniter->runController(Object(App\Controllers\Penyedia))
11 SYSTEMPATH\CodeIgniter.php(361): CodeIgniter\CodeIgniter->handleRequest(null, Object(Config\Cache), false)
12 FCPATH\index.php(79): CodeIgniter\CodeIgniter->run()
13 SYSTEMPATH\Commands\Server\rewrite.php(47): require_once('C:\\xampp\\htdocs\\myproject\\public\\index.php')
INFO - 2023-12-26 07:25:35 --> Session: Class initialized using 'CodeIgniter\Session\Handlers\FileHandler' driver.
INFO - 2023-12-26 07:25:37 --> Session: Class initialized using 'CodeIgniter\Session\Handlers\FileHandler' driver.
INFO - 2023-12-26 07:25:38 --> Session: Class initialized using 'CodeIgniter\Session\Handlers\FileHandler' driver.
INFO - 2023-12-26 07:25:44 --> Session: Class initialized using 'CodeIgniter\Session\Handlers\FileHandler' driver.
INFO - 2023-12-26 07:25:52 --> Session: Class initialized using 'CodeIgniter\Session\Handlers\FileHandler' driver.
INFO - 2023-12-26 07:25:54 --> Session: Class initialized using 'CodeIgniter\Session\Handlers\FileHandler' driver.
INFO - 2023-12-26 07:25:55 --> Session: Class initialized using 'CodeIgniter\Session\Handlers\FileHandler' driver.
INFO - 2023-12-26 07:25:56 --> Session: Class initialized using 'CodeIgniter\Session\Handlers\FileHandler' driver.
INFO - 2023-12-26 07:25:57 --> Session: Class initialized using 'CodeIgniter\Session\Handlers\FileHandler' driver.
INFO - 2023-12-26 07:26:02 --> Session: Class initialized using 'CodeIgniter\Session\Handlers\FileHandler' driver.
INFO - 2023-12-26 07:26:09 --> Session: Class initialized using 'CodeIgniter\Session\Handlers\FileHandler' driver.
INFO - 2023-12-26 07:26:35 --> Session: Class initialized using 'CodeIgniter\Session\Handlers\FileHandler' driver.
INFO - 2023-12-26 07:26:37 --> Session: Class initialized using 'CodeIgniter\Session\Handlers\FileHandler' driver.
INFO - 2023-12-26 07:26:37 --> Session: Class initialized using 'CodeIgniter\Session\Handlers\FileHandler' driver.
INFO - 2023-12-26 07:26:48 --> Session: Class initialized using 'CodeIgniter\Session\Handlers\FileHandler' driver.
INFO - 2023-12-26 07:26:50 --> Session: Class initialized using 'CodeIgniter\Session\Handlers\FileHandler' driver.
INFO - 2023-12-26 07:27:01 --> Session: Class initialized using 'CodeIgniter\Session\Handlers\FileHandler' driver.
INFO - 2023-12-26 07:27:13 --> Session: Class initialized using 'CodeIgniter\Session\Handlers\FileHandler' driver.
INFO - 2023-12-26 07:27:35 --> Session: Class initialized using 'CodeIgniter\Session\Handlers\FileHandler' driver.
INFO - 2023-12-26 07:28:17 --> Session: Class initialized using 'CodeIgniter\Session\Handlers\FileHandler' driver.
CRITICAL - 2023-12-26 07:28:17 --> The route for "http://localhost:8080/" cannot be found.
in SYSTEMPATH\HTTP\RedirectResponse.php on line 62.
 1 SYSTEMPATH\HTTP\RedirectResponse.php(62): CodeIgniter\HTTP\Exceptions\HTTPException::forInvalidRedirectRoute('http://localhost:8080/')
 2 SYSTEMPATH\Common.php(878): CodeIgniter\HTTP\RedirectResponse->route(false)
 3 APPPATH\Views\penyedia\components\header-footer.php(3): redirect('http://localhost:8080/')
 4 SYSTEMPATH\View\View.php(228): include('C:\\xampp\\htdocs\\myproject\\app\\Views\\penyedia\\components\\header-footer.php')
 5 SYSTEMPATH\View\View.php(231): CodeIgniter\View\View->CodeIgniter\View\{closure}()
 6 SYSTEMPATH\View\View.php(244): CodeIgniter\View\View->render('penyedia\\components\\header-footer', [], true)
 7 SYSTEMPATH\Common.php(1190): CodeIgniter\View\View->render('penyedia/index', [], true)
 8 APPPATH\Controllers\Penyedia.php(15): view('penyedia/index')
 9 SYSTEMPATH\CodeIgniter.php(942): App\Controllers\Penyedia->index()
10 SYSTEMPATH\CodeIgniter.php(502): CodeIgniter\CodeIgniter->runController(Object(App\Controllers\Penyedia))
11 SYSTEMPATH\CodeIgniter.php(361): CodeIgniter\CodeIgniter->handleRequest(null, Object(Config\Cache), false)
12 FCPATH\index.php(79): CodeIgniter\CodeIgniter->run()
13 SYSTEMPATH\Commands\Server\rewrite.php(47): require_once('C:\\xampp\\htdocs\\myproject\\public\\index.php')
INFO - 2023-12-26 07:29:01 --> Session: Class initialized using 'CodeIgniter\Session\Handlers\FileHandler' driver.
CRITICAL - 2023-12-26 07:29:01 --> The route for "http://localhost:8080/" cannot be found.
in SYSTEMPATH\HTTP\RedirectResponse.php on line 62.
 1 SYSTEMPATH\HTTP\RedirectResponse.php(62): CodeIgniter\HTTP\Exceptions\HTTPException::forInvalidRedirectRoute('http://localhost:8080/')
 2 SYSTEMPATH\Common.php(878): CodeIgniter\HTTP\RedirectResponse->route(false)
 3 APPPATH\Views\penyedia\components\header-footer.php(3): redirect('http://localhost:8080/')
 4 SYSTEMPATH\View\View.php(228): include('C:\\xampp\\htdocs\\myproject\\app\\Views\\penyedia\\components\\header-footer.php')
 5 SYSTEMPATH\View\View.php(231): CodeIgniter\View\View->CodeIgniter\View\{closure}()
 6 SYSTEMPATH\View\View.php(244): CodeIgniter\View\View->render('penyedia\\components\\header-footer', [], true)
 7 SYSTEMPATH\Common.php(1190): CodeIgniter\View\View->render('penyedia/index', [], true)
 8 APPPATH\Controllers\Penyedia.php(15): view('penyedia/index')
 9 SYSTEMPATH\CodeIgniter.php(942): App\Controllers\Penyedia->index()
10 SYSTEMPATH\CodeIgniter.php(502): CodeIgniter\CodeIgniter->runController(Object(App\Controllers\Penyedia))
11 SYSTEMPATH\CodeIgniter.php(361): CodeIgniter\CodeIgniter->handleRequest(null, Object(Config\Cache), false)
12 FCPATH\index.php(79): CodeIgniter\CodeIgniter->run()
13 SYSTEMPATH\Commands\Server\rewrite.php(47): require_once('C:\\xampp\\htdocs\\myproject\\public\\index.php')
INFO - 2023-12-26 07:29:03 --> Session: Class initialized using 'CodeIgniter\Session\Handlers\FileHandler' driver.
CRITICAL - 2023-12-26 07:29:03 --> The route for "http://localhost:8080/" cannot be found.
in SYSTEMPATH\HTTP\RedirectResponse.php on line 62.
 1 SYSTEMPATH\HTTP\RedirectResponse.php(62): CodeIgniter\HTTP\Exceptions\HTTPException::forInvalidRedirectRoute('http://localhost:8080/')
 2 SYSTEMPATH\Common.php(878): CodeIgniter\HTTP\RedirectResponse->route(false)
 3 APPPATH\Views\penyedia\components\header-footer.php(3): redirect('http://localhost:8080/')
 4 SYSTEMPATH\View\View.php(228): include('C:\\xampp\\htdocs\\myproject\\app\\Views\\penyedia\\components\\header-footer.php')
 5 SYSTEMPATH\View\View.php(231): CodeIgniter\View\View->CodeIgniter\View\{closure}()
 6 SYSTEMPATH\View\View.php(244): CodeIgniter\View\View->render('penyedia\\components\\header-footer', [], true)
 7 SYSTEMPATH\Common.php(1190): CodeIgniter\View\View->render('penyedia/index', [], true)
 8 APPPATH\Controllers\Penyedia.php(15): view('penyedia/index')
 9 SYSTEMPATH\CodeIgniter.php(942): App\Controllers\Penyedia->index()
10 SYSTEMPATH\CodeIgniter.php(502): CodeIgniter\CodeIgniter->runController(Object(App\Controllers\Penyedia))
11 SYSTEMPATH\CodeIgniter.php(361): CodeIgniter\CodeIgniter->handleRequest(null, Object(Config\Cache), false)
12 FCPATH\index.php(79): CodeIgniter\CodeIgniter->run()
13 SYSTEMPATH\Commands\Server\rewrite.php(47): require_once('C:\\xampp\\htdocs\\myproject\\public\\index.php')
INFO - 2023-12-26 07:29:05 --> Session: Class initialized using 'CodeIgniter\Session\Handlers\FileHandler' driver.
INFO - 2023-12-26 07:29:08 --> Session: Class initialized using 'CodeIgniter\Session\Handlers\FileHandler' driver.
CRITICAL - 2023-12-26 07:29:08 --> The route for "http://localhost:8080/" cannot be found.
in SYSTEMPATH\HTTP\RedirectResponse.php on line 62.
 1 SYSTEMPATH\HTTP\RedirectResponse.php(62): CodeIgniter\HTTP\Exceptions\HTTPException::forInvalidRedirectRoute('http://localhost:8080/')
 2 SYSTEMPATH\Common.php(878): CodeIgniter\HTTP\RedirectResponse->route(false)
 3 APPPATH\Views\penyedia\components\header-footer.php(3): redirect('http://localhost:8080/')
 4 SYSTEMPATH\View\View.php(228): include('C:\\xampp\\htdocs\\myproject\\app\\Views\\penyedia\\components\\header-footer.php')
 5 SYSTEMPATH\View\View.php(231): CodeIgniter\View\View->CodeIgniter\View\{closure}()
 6 SYSTEMPATH\View\View.php(244): CodeIgniter\View\View->render('penyedia\\components\\header-footer', [], true)
 7 SYSTEMPATH\Common.php(1190): CodeIgniter\View\View->render('penyedia/index', [], true)
 8 APPPATH\Controllers\Penyedia.php(15): view('penyedia/index')
 9 SYSTEMPATH\CodeIgniter.php(942): App\Controllers\Penyedia->index()
10 SYSTEMPATH\CodeIgniter.php(502): CodeIgniter\CodeIgniter->runController(Object(App\Controllers\Penyedia))
11 SYSTEMPATH\CodeIgniter.php(361): CodeIgniter\CodeIgniter->handleRequest(null, Object(Config\Cache), false)
12 FCPATH\index.php(79): CodeIgniter\CodeIgniter->run()
13 SYSTEMPATH\Commands\Server\rewrite.php(47): require_once('C:\\xampp\\htdocs\\myproject\\public\\index.php')
INFO - 2023-12-26 07:29:22 --> Session: Class initialized using 'CodeIgniter\Session\Handlers\FileHandler' driver.
CRITICAL - 2023-12-26 07:29:22 --> The route for "http://localhost:8080/" cannot be found.
in SYSTEMPATH\HTTP\RedirectResponse.php on line 62.
 1 SYSTEMPATH\HTTP\RedirectResponse.php(62): CodeIgniter\HTTP\Exceptions\HTTPException::forInvalidRedirectRoute('http://localhost:8080/')
 2 SYSTEMPATH\Common.php(878): CodeIgniter\HTTP\RedirectResponse->route(false)
 3 APPPATH\Views\penyedia\components\header-footer.php(3): redirect('http://localhost:8080/')
 4 SYSTEMPATH\View\View.php(228): include('C:\\xampp\\htdocs\\myproject\\app\\Views\\penyedia\\components\\header-footer.php')
 5 SYSTEMPATH\View\View.php(231): CodeIgniter\View\View->CodeIgniter\View\{closure}()
 6 SYSTEMPATH\View\View.php(244): CodeIgniter\View\View->render('penyedia\\components\\header-footer', [], true)
 7 SYSTEMPATH\Common.php(1190): CodeIgniter\View\View->render('penyedia/index', [], true)
 8 APPPATH\Controllers\Penyedia.php(15): view('penyedia/index')
 9 SYSTEMPATH\CodeIgniter.php(942): App\Controllers\Penyedia->index()
10 SYSTEMPATH\CodeIgniter.php(502): CodeIgniter\CodeIgniter->runController(Object(App\Controllers\Penyedia))
11 SYSTEMPATH\CodeIgniter.php(361): CodeIgniter\CodeIgniter->handleRequest(null, Object(Config\Cache), false)
12 FCPATH\index.php(79): CodeIgniter\CodeIgniter->run()
13 SYSTEMPATH\Commands\Server\rewrite.php(47): require_once('C:\\xampp\\htdocs\\myproject\\public\\index.php')
INFO - 2023-12-26 07:29:32 --> Session: Class initialized using 'CodeIgniter\Session\Handlers\FileHandler' driver.
CRITICAL - 2023-12-26 07:29:32 --> The route for "http://localhost:8080/" cannot be found.
in SYSTEMPATH\HTTP\RedirectResponse.php on line 62.
 1 SYSTEMPATH\HTTP\RedirectResponse.php(62): CodeIgniter\HTTP\Exceptions\HTTPException::forInvalidRedirectRoute('http://localhost:8080/')
 2 SYSTEMPATH\Common.php(878): CodeIgniter\HTTP\RedirectResponse->route(false)
 3 APPPATH\Views\penyedia\components\header-footer.php(3): redirect('http://localhost:8080/')
 4 SYSTEMPATH\View\View.php(228): include('C:\\xampp\\htdocs\\myproject\\app\\Views\\penyedia\\components\\header-footer.php')
 5 SYSTEMPATH\View\View.php(231): CodeIgniter\View\View->CodeIgniter\View\{closure}()
 6 SYSTEMPATH\View\View.php(244): CodeIgniter\View\View->render('penyedia\\components\\header-footer', [], true)
 7 SYSTEMPATH\Common.php(1190): CodeIgniter\View\View->render('penyedia/index', [], true)
 8 APPPATH\Controllers\Penyedia.php(15): view('penyedia/index')
 9 SYSTEMPATH\CodeIgniter.php(942): App\Controllers\Penyedia->index()
10 SYSTEMPATH\CodeIgniter.php(502): CodeIgniter\CodeIgniter->runController(Object(App\Controllers\Penyedia))
11 SYSTEMPATH\CodeIgniter.php(361): CodeIgniter\CodeIgniter->handleRequest(null, Object(Config\Cache), false)
12 FCPATH\index.php(79): CodeIgniter\CodeIgniter->run()
13 SYSTEMPATH\Commands\Server\rewrite.php(47): require_once('C:\\xampp\\htdocs\\myproject\\public\\index.php')
INFO - 2023-12-26 07:30:04 --> Session: Class initialized using 'CodeIgniter\Session\Handlers\FileHandler' driver.
INFO - 2023-12-26 07:31:00 --> Session: Class initialized using 'CodeIgniter\Session\Handlers\FileHandler' driver.
INFO - 2023-12-26 07:31:03 --> Session: Class initialized using 'CodeIgniter\Session\Handlers\FileHandler' driver.
INFO - 2023-12-26 07:31:40 --> Session: Class initialized using 'CodeIgniter\Session\Handlers\FileHandler' driver.
INFO - 2023-12-26 07:31:42 --> Session: Class initialized using 'CodeIgniter\Session\Handlers\FileHandler' driver.
INFO - 2023-12-26 07:32:02 --> Session: Class initialized using 'CodeIgniter\Session\Handlers\FileHandler' driver.
INFO - 2023-12-26 07:32:04 --> Session: Class initialized using 'CodeIgniter\Session\Handlers\FileHandler' driver.
INFO - 2023-12-26 07:32:16 --> Session: Class initialized using 'CodeIgniter\Session\Handlers\FileHandler' driver.
INFO - 2023-12-26 07:32:22 --> Session: Class initialized using 'CodeIgniter\Session\Handlers\FileHandler' driver.
INFO - 2023-12-26 07:32:25 --> Session: Class initialized using 'CodeIgniter\Session\Handlers\FileHandler' driver.
INFO - 2023-12-26 07:32:48 --> Session: Class initialized using 'CodeIgniter\Session\Handlers\FileHandler' driver.
INFO - 2023-12-26 07:32:50 --> Session: Class initialized using 'CodeIgniter\Session\Handlers\FileHandler' driver.
INFO - 2023-12-26 07:32:52 --> Session: Class initialized using 'CodeIgniter\Session\Handlers\FileHandler' driver.
INFO - 2023-12-26 07:32:54 --> Session: Class initialized using 'CodeIgniter\Session\Handlers\FileHandler' driver.
INFO - 2023-12-26 07:32:55 --> Session: Class initialized using 'CodeIgniter\Session\Handlers\FileHandler' driver.
INFO - 2023-12-26 07:33:02 --> Session: Class initialized using 'CodeIgniter\Session\Handlers\FileHandler' driver.
INFO - 2023-12-26 07:33:09 --> Session: Class initialized using 'CodeIgniter\Session\Handlers\FileHandler' driver.
CRITICAL - 2023-12-26 07:33:09 --> Object of class CodeIgniter\HTTP\RedirectResponse could not be converted to string
in APPPATH\Controllers\Penyedia.php on line 11.
 1 SYSTEMPATH\CodeIgniter.php(914): App\Controllers\Penyedia->__construct()
 2 SYSTEMPATH\CodeIgniter.php(493): CodeIgniter\CodeIgniter->createController()
 3 SYSTEMPATH\CodeIgniter.php(361): CodeIgniter\CodeIgniter->handleRequest(null, Object(Config\Cache), false)
 4 FCPATH\index.php(79): CodeIgniter\CodeIgniter->run()
 5 SYSTEMPATH\Commands\Server\rewrite.php(47): require_once('C:\\xampp\\htdocs\\myproject\\public\\index.php')
INFO - 2023-12-26 07:33:17 --> Session: Class initialized using 'CodeIgniter\Session\Handlers\FileHandler' driver.
INFO - 2023-12-26 07:33:18 --> Session: Class initialized using 'CodeIgniter\Session\Handlers\FileHandler' driver.
INFO - 2023-12-26 07:33:24 --> Session: Class initialized using 'CodeIgniter\Session\Handlers\FileHandler' driver.
INFO - 2023-12-26 07:33:29 --> Session: Class initialized using 'CodeIgniter\Session\Handlers\FileHandler' driver.
INFO - 2023-12-26 07:33:40 --> Session: Class initialized using 'CodeIgniter\Session\Handlers\FileHandler' driver.
INFO - 2023-12-26 07:33:59 --> Session: Class initialized using 'CodeIgniter\Session\Handlers\FileHandler' driver.
INFO - 2023-12-26 07:34:11 --> Session: Class initialized using 'CodeIgniter\Session\Handlers\FileHandler' driver.
INFO - 2023-12-26 07:35:02 --> Session: Class initialized using 'CodeIgniter\Session\Handlers\FileHandler' driver.
INFO - 2023-12-26 07:35:07 --> Session: Class initialized using 'CodeIgniter\Session\Handlers\FileHandler' driver.
INFO - 2023-12-26 07:35:08 --> Session: Class initialized using 'CodeIgniter\Session\Handlers\FileHandler' driver.
INFO - 2023-12-26 07:35:17 --> Session: Class initialized using 'CodeIgniter\Session\Handlers\FileHandler' driver.
CRITICAL - 2023-12-26 07:35:43 --> Cannot call constructor
in APPPATH\Controllers\Penyedia.php on line 10.
 1 SYSTEMPATH\CodeIgniter.php(914): App\Controllers\Penyedia->__construct()
 2 SYSTEMPATH\CodeIgniter.php(493): CodeIgniter\CodeIgniter->createController()
 3 SYSTEMPATH\CodeIgniter.php(361): CodeIgniter\CodeIgniter->handleRequest(null, Object(Config\Cache), false)
 4 FCPATH\index.php(79): CodeIgniter\CodeIgniter->run()
 5 SYSTEMPATH\Commands\Server\rewrite.php(47): require_once('C:\\xampp\\htdocs\\myproject\\public\\index.php')
CRITICAL - 2023-12-26 07:36:20 --> Cannot call constructor
in APPPATH\Controllers\Penyedia.php on line 10.
 1 SYSTEMPATH\CodeIgniter.php(914): App\Controllers\Penyedia->__construct()
 2 SYSTEMPATH\CodeIgniter.php(493): CodeIgniter\CodeIgniter->createController()
 3 SYSTEMPATH\CodeIgniter.php(361): CodeIgniter\CodeIgniter->handleRequest(null, Object(Config\Cache), false)
 4 FCPATH\index.php(79): CodeIgniter\CodeIgniter->run()
 5 SYSTEMPATH\Commands\Server\rewrite.php(47): require_once('C:\\xampp\\htdocs\\myproject\\public\\index.php')
INFO - 2023-12-26 07:37:12 --> Session: Class initialized using 'CodeIgniter\Session\Handlers\FileHandler' driver.
CRITICAL - 2023-12-26 07:37:12 --> The route for "http://localhost:8080/login" cannot be found.
in SYSTEMPATH\HTTP\RedirectResponse.php on line 62.
 1 SYSTEMPATH\HTTP\RedirectResponse.php(62): CodeIgniter\HTTP\Exceptions\HTTPException::forInvalidRedirectRoute('http://localhost:8080/login')
 2 SYSTEMPATH\Common.php(878): CodeIgniter\HTTP\RedirectResponse->route(false)
 3 APPPATH\Controllers\Penyedia.php(11): redirect('http://localhost:8080/login')
 4 SYSTEMPATH\CodeIgniter.php(914): App\Controllers\Penyedia->__construct()
 5 SYSTEMPATH\CodeIgniter.php(493): CodeIgniter\CodeIgniter->createController()
 6 SYSTEMPATH\CodeIgniter.php(361): CodeIgniter\CodeIgniter->handleRequest(null, Object(Config\Cache), false)
 7 FCPATH\index.php(79): CodeIgniter\CodeIgniter->run()
 8 SYSTEMPATH\Commands\Server\rewrite.php(47): require_once('C:\\xampp\\htdocs\\myproject\\public\\index.php')
INFO - 2023-12-26 07:38:09 --> Session: Class initialized using 'CodeIgniter\Session\Handlers\FileHandler' driver.
CRITICAL - 2023-12-26 07:38:09 --> The route for "./" cannot be found.
in SYSTEMPATH\HTTP\RedirectResponse.php on line 62.
 1 SYSTEMPATH\HTTP\RedirectResponse.php(62): CodeIgniter\HTTP\Exceptions\HTTPException::forInvalidRedirectRoute('./')
 2 SYSTEMPATH\Common.php(878): CodeIgniter\HTTP\RedirectResponse->route(false)
 3 APPPATH\Controllers\Penyedia.php(11): redirect('./')
 4 SYSTEMPATH\CodeIgniter.php(914): App\Controllers\Penyedia->__construct()
 5 SYSTEMPATH\CodeIgniter.php(493): CodeIgniter\CodeIgniter->createController()
 6 SYSTEMPATH\CodeIgniter.php(361): CodeIgniter\CodeIgniter->handleRequest(null, Object(Config\Cache), false)
 7 FCPATH\index.php(79): CodeIgniter\CodeIgniter->run()
 8 SYSTEMPATH\Commands\Server\rewrite.php(47): require_once('C:\\xampp\\htdocs\\myproject\\public\\index.php')
INFO - 2023-12-26 07:38:12 --> Session: Class initialized using 'CodeIgniter\Session\Handlers\FileHandler' driver.
INFO - 2023-12-26 07:38:17 --> Session: Class initialized using 'CodeIgniter\Session\Handlers\FileHandler' driver.
CRITICAL - 2023-12-26 07:38:17 --> The route for "/login" cannot be found.
in SYSTEMPATH\HTTP\RedirectResponse.php on line 62.
 1 SYSTEMPATH\HTTP\RedirectResponse.php(62): CodeIgniter\HTTP\Exceptions\HTTPException::forInvalidRedirectRoute('/login')
 2 SYSTEMPATH\Common.php(878): CodeIgniter\HTTP\RedirectResponse->route(false)
 3 APPPATH\Controllers\Penyedia.php(11): redirect('/login')
 4 SYSTEMPATH\CodeIgniter.php(914): App\Controllers\Penyedia->__construct()
 5 SYSTEMPATH\CodeIgniter.php(493): CodeIgniter\CodeIgniter->createController()
 6 SYSTEMPATH\CodeIgniter.php(361): CodeIgniter\CodeIgniter->handleRequest(null, Object(Config\Cache), false)
 7 FCPATH\index.php(79): CodeIgniter\CodeIgniter->run()
 8 SYSTEMPATH\Commands\Server\rewrite.php(47): require_once('C:\\xampp\\htdocs\\myproject\\public\\index.php')
INFO - 2023-12-26 07:38:32 --> Session: Class initialized using 'CodeIgniter\Session\Handlers\FileHandler' driver.
CRITICAL - 2023-12-26 07:38:32 --> The route for "/login" cannot be found.
in SYSTEMPATH\HTTP\RedirectResponse.php on line 62.
 1 SYSTEMPATH\HTTP\RedirectResponse.php(62): CodeIgniter\HTTP\Exceptions\HTTPException::forInvalidRedirectRoute('/login')
 2 SYSTEMPATH\Common.php(878): CodeIgniter\HTTP\RedirectResponse->route(false)
 3 APPPATH\Controllers\Penyedia.php(11): redirect('/login')
 4 SYSTEMPATH\CodeIgniter.php(914): App\Controllers\Penyedia->__construct()
 5 SYSTEMPATH\CodeIgniter.php(493): CodeIgniter\CodeIgniter->createController()
 6 SYSTEMPATH\CodeIgniter.php(361): CodeIgniter\CodeIgniter->handleRequest(null, Object(Config\Cache), false)
 7 FCPATH\index.php(79): CodeIgniter\CodeIgniter->run()
 8 SYSTEMPATH\Commands\Server\rewrite.php(47): require_once('C:\\xampp\\htdocs\\myproject\\public\\index.php')
INFO - 2023-12-26 07:39:46 --> Session: Class initialized using 'CodeIgniter\Session\Handlers\FileHandler' driver.
CRITICAL - 2023-12-26 07:39:46 --> The route for "penyedia/index" cannot be found.
in SYSTEMPATH\HTTP\RedirectResponse.php on line 62.
 1 SYSTEMPATH\HTTP\RedirectResponse.php(62): CodeIgniter\HTTP\Exceptions\HTTPException::forInvalidRedirectRoute('penyedia/index')
 2 SYSTEMPATH\Common.php(878): CodeIgniter\HTTP\RedirectResponse->route(false)
 3 APPPATH\Controllers\Penyedia.php(11): redirect('penyedia/index')
 4 SYSTEMPATH\CodeIgniter.php(914): App\Controllers\Penyedia->__construct()
 5 SYSTEMPATH\CodeIgniter.php(493): CodeIgniter\CodeIgniter->createController()
 6 SYSTEMPATH\CodeIgniter.php(361): CodeIgniter\CodeIgniter->handleRequest(null, Object(Config\Cache), false)
 7 FCPATH\index.php(79): CodeIgniter\CodeIgniter->run()
 8 SYSTEMPATH\Commands\Server\rewrite.php(47): require_once('C:\\xampp\\htdocs\\myproject\\public\\index.php')
INFO - 2023-12-26 07:40:03 --> Session: Class initialized using 'CodeIgniter\Session\Handlers\FileHandler' driver.
INFO - 2023-12-26 07:40:22 --> Session: Class initialized using 'CodeIgniter\Session\Handlers\FileHandler' driver.
INFO - 2023-12-26 07:40:30 --> Session: Class initialized using 'CodeIgniter\Session\Handlers\FileHandler' driver.
INFO - 2023-12-26 07:40:38 --> Session: Class initialized using 'CodeIgniter\Session\Handlers\FileHandler' driver.
INFO - 2023-12-26 07:40:38 --> Session: Class initialized using 'CodeIgniter\Session\Handlers\FileHandler' driver.
INFO - 2023-12-26 07:40:49 --> Session: Class initialized using 'CodeIgniter\Session\Handlers\FileHandler' driver.
INFO - 2023-12-26 07:40:50 --> Session: Class initialized using 'CodeIgniter\Session\Handlers\FileHandler' driver.
INFO - 2023-12-26 07:40:52 --> Session: Class initialized using 'CodeIgniter\Session\Handlers\FileHandler' driver.
INFO - 2023-12-26 07:41:28 --> Session: Class initialized using 'CodeIgniter\Session\Handlers\FileHandler' driver.
INFO - 2023-12-26 07:41:34 --> Session: Class initialized using 'CodeIgniter\Session\Handlers\FileHandler' driver.
CRITICAL - 2023-12-26 07:41:34 --> The route for "/login" cannot be found.
in SYSTEMPATH\HTTP\RedirectResponse.php on line 62.
 1 SYSTEMPATH\HTTP\RedirectResponse.php(62): CodeIgniter\HTTP\Exceptions\HTTPException::forInvalidRedirectRoute('/login')
 2 SYSTEMPATH\Common.php(878): CodeIgniter\HTTP\RedirectResponse->route(false)
 3 APPPATH\Views\penyedia\components\header-footer.php(3): redirect('/login')
 4 SYSTEMPATH\View\View.php(228): include('C:\\xampp\\htdocs\\myproject\\app\\Views\\penyedia\\components\\header-footer.php')
 5 SYSTEMPATH\View\View.php(231): CodeIgniter\View\View->CodeIgniter\View\{closure}()
 6 SYSTEMPATH\View\View.php(244): CodeIgniter\View\View->render('penyedia\\components\\header-footer', [], true)
 7 SYSTEMPATH\Common.php(1190): CodeIgniter\View\View->render('penyedia/index', [], true)
 8 APPPATH\Controllers\Penyedia.php(15): view('penyedia/index')
 9 SYSTEMPATH\CodeIgniter.php(942): App\Controllers\Penyedia->index()
10 SYSTEMPATH\CodeIgniter.php(502): CodeIgniter\CodeIgniter->runController(Object(App\Controllers\Penyedia))
11 SYSTEMPATH\CodeIgniter.php(361): CodeIgniter\CodeIgniter->handleRequest(null, Object(Config\Cache), false)
12 FCPATH\index.php(79): CodeIgniter\CodeIgniter->run()
13 SYSTEMPATH\Commands\Server\rewrite.php(47): require_once('C:\\xampp\\htdocs\\myproject\\public\\index.php')
INFO - 2023-12-26 07:41:57 --> Session: Class initialized using 'CodeIgniter\Session\Handlers\FileHandler' driver.
INFO - 2023-12-26 07:42:02 --> Session: Class initialized using 'CodeIgniter\Session\Handlers\FileHandler' driver.
INFO - 2023-12-26 07:42:12 --> Session: Class initialized using 'CodeIgniter\Session\Handlers\FileHandler' driver.
INFO - 2023-12-26 07:42:14 --> Session: Class initialized using 'CodeIgniter\Session\Handlers\FileHandler' driver.
INFO - 2023-12-26 07:42:14 --> Session: Class initialized using 'CodeIgniter\Session\Handlers\FileHandler' driver.
INFO - 2023-12-26 07:42:15 --> Session: Class initialized using 'CodeIgniter\Session\Handlers\FileHandler' driver.
INFO - 2023-12-26 07:42:18 --> Session: Class initialized using 'CodeIgniter\Session\Handlers\FileHandler' driver.
INFO - 2023-12-26 07:42:25 --> Session: Class initialized using 'CodeIgniter\Session\Handlers\FileHandler' driver.
INFO - 2023-12-26 07:42:25 --> Session: Class initialized using 'CodeIgniter\Session\Handlers\FileHandler' driver.
INFO - 2023-12-26 07:42:28 --> Session: Class initialized using 'CodeIgniter\Session\Handlers\FileHandler' driver.
INFO - 2023-12-26 07:42:28 --> Session: Class initialized using 'CodeIgniter\Session\Handlers\FileHandler' driver.
INFO - 2023-12-26 07:42:38 --> Session: Class initialized using 'CodeIgniter\Session\Handlers\FileHandler' driver.
INFO - 2023-12-26 07:42:39 --> Session: Class initialized using 'CodeIgniter\Session\Handlers\FileHandler' driver.
INFO - 2023-12-26 07:42:47 --> Session: Class initialized using 'CodeIgniter\Session\Handlers\FileHandler' driver.
INFO - 2023-12-26 07:42:47 --> Session: Class initialized using 'CodeIgniter\Session\Handlers\FileHandler' driver.
INFO - 2023-12-26 07:42:48 --> Session: Class initialized using 'CodeIgniter\Session\Handlers\FileHandler' driver.
INFO - 2023-12-26 07:43:07 --> Session: Class initialized using 'CodeIgniter\Session\Handlers\FileHandler' driver.
INFO - 2023-12-26 07:43:08 --> Session: Class initialized using 'CodeIgniter\Session\Handlers\FileHandler' driver.
INFO - 2023-12-26 07:43:08 --> Session: Class initialized using 'CodeIgniter\Session\Handlers\FileHandler' driver.
INFO - 2023-12-26 07:43:21 --> Session: Class initialized using 'CodeIgniter\Session\Handlers\FileHandler' driver.
CRITICAL - 2023-12-26 07:43:21 --> Undefined property: stdClass::$idpenyedia
in APPPATH\Controllers\Login.php on line 37.
 1 APPPATH\Controllers\Login.php(37): CodeIgniter\Debug\Exceptions->errorHandler(2, 'Undefined property: stdClass::$idpenyedia', 'C:\\xampp\\htdocs\\myproject\\app\\Controllers\\Login.php', 37)
 2 SYSTEMPATH\CodeIgniter.php(942): App\Controllers\Login->index()
 3 SYSTEMPATH\CodeIgniter.php(502): CodeIgniter\CodeIgniter->runController(Object(App\Controllers\Login))
 4 SYSTEMPATH\CodeIgniter.php(361): CodeIgniter\CodeIgniter->handleRequest(null, Object(Config\Cache), false)
 5 FCPATH\index.php(79): CodeIgniter\CodeIgniter->run()
 6 SYSTEMPATH\Commands\Server\rewrite.php(47): require_once('C:\\xampp\\htdocs\\myproject\\public\\index.php')
INFO - 2023-12-26 07:43:28 --> Session: Class initialized using 'CodeIgniter\Session\Handlers\FileHandler' driver.
INFO - 2023-12-26 07:43:31 --> Session: Class initialized using 'CodeIgniter\Session\Handlers\FileHandler' driver.
CRITICAL - 2023-12-26 07:43:31 --> Undefined property: stdClass::$idpenyedia
in APPPATH\Controllers\Login.php on line 37.
 1 APPPATH\Controllers\Login.php(37): CodeIgniter\Debug\Exceptions->errorHandler(2, 'Undefined property: stdClass::$idpenyedia', 'C:\\xampp\\htdocs\\myproject\\app\\Controllers\\Login.php', 37)
 2 SYSTEMPATH\CodeIgniter.php(942): App\Controllers\Login->index()
 3 SYSTEMPATH\CodeIgniter.php(502): CodeIgniter\CodeIgniter->runController(Object(App\Controllers\Login))
 4 SYSTEMPATH\CodeIgniter.php(361): CodeIgniter\CodeIgniter->handleRequest(null, Object(Config\Cache), false)
 5 FCPATH\index.php(79): CodeIgniter\CodeIgniter->run()
 6 SYSTEMPATH\Commands\Server\rewrite.php(47): require_once('C:\\xampp\\htdocs\\myproject\\public\\index.php')
INFO - 2023-12-26 07:43:48 --> Session: Class initialized using 'CodeIgniter\Session\Handlers\FileHandler' driver.
INFO - 2023-12-26 07:43:52 --> Session: Class initialized using 'CodeIgniter\Session\Handlers\FileHandler' driver.
CRITICAL - 2023-12-26 07:43:52 --> Undefined property: stdClass::$idpenyedia
in APPPATH\Controllers\Login.php on line 37.
 1 APPPATH\Controllers\Login.php(37): CodeIgniter\Debug\Exceptions->errorHandler(2, 'Undefined property: stdClass::$idpenyedia', 'C:\\xampp\\htdocs\\myproject\\app\\Controllers\\Login.php', 37)
 2 SYSTEMPATH\CodeIgniter.php(942): App\Controllers\Login->index()
 3 SYSTEMPATH\CodeIgniter.php(502): CodeIgniter\CodeIgniter->runController(Object(App\Controllers\Login))
 4 SYSTEMPATH\CodeIgniter.php(361): CodeIgniter\CodeIgniter->handleRequest(null, Object(Config\Cache), false)
 5 FCPATH\index.php(79): CodeIgniter\CodeIgniter->run()
 6 SYSTEMPATH\Commands\Server\rewrite.php(47): require_once('C:\\xampp\\htdocs\\myproject\\public\\index.php')
INFO - 2023-12-26 07:44:02 --> Session: Class initialized using 'CodeIgniter\Session\Handlers\FileHandler' driver.
INFO - 2023-12-26 07:44:06 --> Session: Class initialized using 'CodeIgniter\Session\Handlers\FileHandler' driver.
CRITICAL - 2023-12-26 07:49:42 --> Cannot use object of type stdClass as array
in APPPATH\Views\penjual\index.php on line 9.
 1 SYSTEMPATH\View\View.php(228): include()
 2 SYSTEMPATH\View\View.php(231): CodeIgniter\View\View->CodeIgniter\View\{closure}()
 3 SYSTEMPATH\Common.php(1190): CodeIgniter\View\View->render('penjual/index', [], true)
 4 APPPATH\Controllers\Penjual.php(22): view('penjual/index', [...])
 5 SYSTEMPATH\CodeIgniter.php(942): App\Controllers\Penjual->index()
 6 SYSTEMPATH\CodeIgniter.php(502): CodeIgniter\CodeIgniter->runController(Object(App\Controllers\Penjual))
 7 SYSTEMPATH\CodeIgniter.php(361): CodeIgniter\CodeIgniter->handleRequest(null, Object(Config\Cache), false)
 8 FCPATH\index.php(79): CodeIgniter\CodeIgniter->run()
 9 SYSTEMPATH\Commands\Server\rewrite.php(47): require_once('C:\\xampp\\htdocs\\myproject\\public\\index.php')
CRITICAL - 2023-12-26 07:49:56 --> Cannot use object of type stdClass as array
in APPPATH\Views\penjual\index.php on line 9.
 1 SYSTEMPATH\View\View.php(228): include()
 2 SYSTEMPATH\View\View.php(231): CodeIgniter\View\View->CodeIgniter\View\{closure}()
 3 SYSTEMPATH\Common.php(1190): CodeIgniter\View\View->render('penjual/index', [], true)
 4 APPPATH\Controllers\Penjual.php(22): view('penjual/index', [...])
 5 SYSTEMPATH\CodeIgniter.php(942): App\Controllers\Penjual->index()
 6 SYSTEMPATH\CodeIgniter.php(502): CodeIgniter\CodeIgniter->runController(Object(App\Controllers\Penjual))
 7 SYSTEMPATH\CodeIgniter.php(361): CodeIgniter\CodeIgniter->handleRequest(null, Object(Config\Cache), false)
 8 FCPATH\index.php(79): CodeIgniter\CodeIgniter->run()
 9 SYSTEMPATH\Commands\Server\rewrite.php(47): require_once('C:\\xampp\\htdocs\\myproject\\public\\index.php')
INFO - 2023-12-26 07:51:38 --> Session: Class initialized using 'CodeIgniter\Session\Handlers\FileHandler' driver.
INFO - 2023-12-26 07:51:42 --> Session: Class initialized using 'CodeIgniter\Session\Handlers\FileHandler' driver.
INFO - 2023-12-26 07:51:46 --> Session: Class initialized using 'CodeIgniter\Session\Handlers\FileHandler' driver.
INFO - 2023-12-26 07:51:51 --> Session: Class initialized using 'CodeIgniter\Session\Handlers\FileHandler' driver.
INFO - 2023-12-26 07:51:51 --> Session: Class initialized using 'CodeIgniter\Session\Handlers\FileHandler' driver.
INFO - 2023-12-26 07:51:53 --> Session: Class initialized using 'CodeIgniter\Session\Handlers\FileHandler' driver.
INFO - 2023-12-26 07:52:02 --> Session: Class initialized using 'CodeIgniter\Session\Handlers\FileHandler' driver.
INFO - 2023-12-26 07:52:19 --> Session: Class initialized using 'CodeIgniter\Session\Handlers\FileHandler' driver.
INFO - 2023-12-26 07:52:19 --> Session: Class initialized using 'CodeIgniter\Session\Handlers\FileHandler' driver.
INFO - 2023-12-26 10:49:33 --> Session: Class initialized using 'CodeIgniter\Session\Handlers\FileHandler' driver.
INFO - 2023-12-26 10:49:48 --> Session: Class initialized using 'CodeIgniter\Session\Handlers\FileHandler' driver.
INFO - 2023-12-26 10:49:49 --> Session: Class initialized using 'CodeIgniter\Session\Handlers\FileHandler' driver.
INFO - 2023-12-26 10:49:51 --> Session: Class initialized using 'CodeIgniter\Session\Handlers\FileHandler' driver.
INFO - 2023-12-26 10:49:52 --> Session: Class initialized using 'CodeIgniter\Session\Handlers\FileHandler' driver.
INFO - 2023-12-26 10:49:53 --> Session: Class initialized using 'CodeIgniter\Session\Handlers\FileHandler' driver.
INFO - 2023-12-26 10:49:56 --> Session: Class initialized using 'CodeIgniter\Session\Handlers\FileHandler' driver.
INFO - 2023-12-26 10:49:58 --> Session: Class initialized using 'CodeIgniter\Session\Handlers\FileHandler' driver.
INFO - 2023-12-26 10:49:59 --> Session: Class initialized using 'CodeIgniter\Session\Handlers\FileHandler' driver.
INFO - 2023-12-26 10:54:31 --> Session: Class initialized using 'CodeIgniter\Session\Handlers\FileHandler' driver.
INFO - 2023-12-26 10:54:39 --> Session: Class initialized using 'CodeIgniter\Session\Handlers\FileHandler' driver.
INFO - 2023-12-26 10:54:39 --> Session: Class initialized using 'CodeIgniter\Session\Handlers\FileHandler' driver.
INFO - 2023-12-26 10:54:41 --> Session: Class initialized using 'CodeIgniter\Session\Handlers\FileHandler' driver.
INFO - 2023-12-26 10:55:04 --> Session: Class initialized using 'CodeIgniter\Session\Handlers\FileHandler' driver.
INFO - 2023-12-26 10:55:05 --> Session: Class initialized using 'CodeIgniter\Session\Handlers\FileHandler' driver.
INFO - 2023-12-26 10:55:06 --> Session: Class initialized using 'CodeIgniter\Session\Handlers\FileHandler' driver.
INFO - 2023-12-26 10:55:37 --> Session: Class initialized using 'CodeIgniter\Session\Handlers\FileHandler' driver.
INFO - 2023-12-26 10:55:39 --> Session: Class initialized using 'CodeIgniter\Session\Handlers\FileHandler' driver.
INFO - 2023-12-26 10:55:44 --> Session: Class initialized using 'CodeIgniter\Session\Handlers\FileHandler' driver.
INFO - 2023-12-26 10:57:38 --> Session: Class initialized using 'CodeIgniter\Session\Handlers\FileHandler' driver.
INFO - 2023-12-26 10:57:44 --> Session: Class initialized using 'CodeIgniter\Session\Handlers\FileHandler' driver.
INFO - 2023-12-26 10:57:44 --> Session: Class initialized using 'CodeIgniter\Session\Handlers\FileHandler' driver.
INFO - 2023-12-26 10:57:47 --> Session: Class initialized using 'CodeIgniter\Session\Handlers\FileHandler' driver.
INFO - 2023-12-26 10:57:47 --> Session: Class initialized using 'CodeIgniter\Session\Handlers\FileHandler' driver.
INFO - 2023-12-26 10:57:50 --> Session: Class initialized using 'CodeIgniter\Session\Handlers\FileHandler' driver.
INFO - 2023-12-26 10:57:51 --> Session: Class initialized using 'CodeIgniter\Session\Handlers\FileHandler' driver.
INFO - 2023-12-26 10:57:52 --> Session: Class initialized using 'CodeIgniter\Session\Handlers\FileHandler' driver.
INFO - 2023-12-26 10:57:53 --> Session: Class initialized using 'CodeIgniter\Session\Handlers\FileHandler' driver.
INFO - 2023-12-26 10:57:56 --> Session: Class initialized using 'CodeIgniter\Session\Handlers\FileHandler' driver.
INFO - 2023-12-26 10:57:58 --> Session: Class initialized using 'CodeIgniter\Session\Handlers\FileHandler' driver.
INFO - 2023-12-26 10:57:59 --> Session: Class initialized using 'CodeIgniter\Session\Handlers\FileHandler' driver.
INFO - 2023-12-26 10:58:00 --> Session: Class initialized using 'CodeIgniter\Session\Handlers\FileHandler' driver.
INFO - 2023-12-26 10:58:01 --> Session: Class initialized using 'CodeIgniter\Session\Handlers\FileHandler' driver.
INFO - 2023-12-26 10:58:02 --> Session: Class initialized using 'CodeIgniter\Session\Handlers\FileHandler' driver.
INFO - 2023-12-26 10:58:05 --> Session: Class initialized using 'CodeIgniter\Session\Handlers\FileHandler' driver.
INFO - 2023-12-26 10:58:07 --> Session: Class initialized using 'CodeIgniter\Session\Handlers\FileHandler' driver.
INFO - 2023-12-26 10:58:07 --> Session: Class initialized using 'CodeIgniter\Session\Handlers\FileHandler' driver.
INFO - 2023-12-26 10:58:21 --> Session: Class initialized using 'CodeIgniter\Session\Handlers\FileHandler' driver.
CRITICAL - 2023-12-26 11:04:16 --> Undefined array key "id"
in APPPATH\Views\penjual\index.php on line 6.
 1 APPPATH\Views\penjual\index.php(6): CodeIgniter\Debug\Exceptions->errorHandler(2, 'Undefined array key "id"', 'C:\\xampp\\htdocs\\myproject\\app\\Views\\penjual\\index.php', 6)
 2 SYSTEMPATH\View\View.php(228): include('C:\\xampp\\htdocs\\myproject\\app\\Views\\penjual\\index.php')
 3 SYSTEMPATH\View\View.php(231): CodeIgniter\View\View->CodeIgniter\View\{closure}()
 4 SYSTEMPATH\Common.php(1190): CodeIgniter\View\View->render('penjual/index', [], true)
 5 APPPATH\Controllers\Penjual.php(22): view('penjual/index', [...])
 6 SYSTEMPATH\CodeIgniter.php(942): App\Controllers\Penjual->index()
 7 SYSTEMPATH\CodeIgniter.php(502): CodeIgniter\CodeIgniter->runController(Object(App\Controllers\Penjual))
 8 SYSTEMPATH\CodeIgniter.php(361): CodeIgniter\CodeIgniter->handleRequest(null, Object(Config\Cache), false)
 9 FCPATH\index.php(79): CodeIgniter\CodeIgniter->run()
10 SYSTEMPATH\Commands\Server\rewrite.php(47): require_once('C:\\xampp\\htdocs\\myproject\\public\\index.php')
INFO - 2023-12-26 11:11:19 --> Session: Class initialized using 'CodeIgniter\Session\Handlers\FileHandler' driver.
INFO - 2023-12-26 11:11:21 --> Session: Class initialized using 'CodeIgniter\Session\Handlers\FileHandler' driver.
INFO - 2023-12-26 11:11:22 --> Session: Class initialized using 'CodeIgniter\Session\Handlers\FileHandler' driver.
INFO - 2023-12-26 11:11:24 --> Session: Class initialized using 'CodeIgniter\Session\Handlers\FileHandler' driver.
INFO - 2023-12-26 11:12:06 --> Session: Class initialized using 'CodeIgniter\Session\Handlers\FileHandler' driver.
INFO - 2023-12-26 11:12:16 --> Session: Class initialized using 'CodeIgniter\Session\Handlers\FileHandler' driver.
CRITICAL - 2023-12-26 11:23:17 --> Undefined variable $row
in APPPATH\Views\penjual\index.php on line 15.
 1 APPPATH\Views\penjual\index.php(15): CodeIgniter\Debug\Exceptions->errorHandler(2, 'Undefined variable $row', 'C:\\xampp\\htdocs\\myproject\\app\\Views\\penjual\\index.php', 15)
 2 SYSTEMPATH\View\View.php(228): include('C:\\xampp\\htdocs\\myproject\\app\\Views\\penjual\\index.php')
 3 SYSTEMPATH\View\View.php(231): CodeIgniter\View\View->CodeIgniter\View\{closure}()
 4 SYSTEMPATH\Common.php(1190): CodeIgniter\View\View->render('penjual/index', [], true)
 5 APPPATH\Controllers\Penjual.php(22): view('penjual/index', [...])
 6 SYSTEMPATH\CodeIgniter.php(942): App\Controllers\Penjual->index()
 7 SYSTEMPATH\CodeIgniter.php(502): CodeIgniter\CodeIgniter->runController(Object(App\Controllers\Penjual))
 8 SYSTEMPATH\CodeIgniter.php(361): CodeIgniter\CodeIgniter->handleRequest(null, Object(Config\Cache), false)
 9 FCPATH\index.php(79): CodeIgniter\CodeIgniter->run()
10 SYSTEMPATH\Commands\Server\rewrite.php(47): require_once('C:\\xampp\\htdocs\\myproject\\public\\index.php')
CRITICAL - 2023-12-26 11:49:52 --> Undefined variable $model
in APPPATH\Views\penjual\components\header-footer.php on line 54.
 1 APPPATH\Views\penjual\components\header-footer.php(54): CodeIgniter\Debug\Exceptions->errorHandler(2, 'Undefined variable $model', 'C:\\xampp\\htdocs\\myproject\\app\\Views\\penjual\\components\\header-footer.php', 54)
 2 SYSTEMPATH\View\View.php(228): include('C:\\xampp\\htdocs\\myproject\\app\\Views\\penjual\\components\\header-footer.php')
 3 SYSTEMPATH\View\View.php(231): CodeIgniter\View\View->CodeIgniter\View\{closure}()
 4 SYSTEMPATH\View\View.php(244): CodeIgniter\View\View->render('penjual\\components\\header-footer', [], true)
 5 SYSTEMPATH\Common.php(1190): CodeIgniter\View\View->render('penjual/index', [], true)
 6 APPPATH\Controllers\Penjual.php(22): view('penjual/index', [...])
 7 SYSTEMPATH\CodeIgniter.php(942): App\Controllers\Penjual->index()
 8 SYSTEMPATH\CodeIgniter.php(502): CodeIgniter\CodeIgniter->runController(Object(App\Controllers\Penjual))
 9 SYSTEMPATH\CodeIgniter.php(361): CodeIgniter\CodeIgniter->handleRequest(null, Object(Config\Cache), false)
10 FCPATH\index.php(79): CodeIgniter\CodeIgniter->run()
11 SYSTEMPATH\Commands\Server\rewrite.php(47): require_once('C:\\xampp\\htdocs\\myproject\\public\\index.php')
CRITICAL - 2023-12-26 12:35:59 --> The namespace delimiter is a backslash (\), not a slash (/). Route handler: "\App\Controllers\PenjualController:pesanBarang/$1"
in SYSTEMPATH\Router\Router.php on line 479.
 1 SYSTEMPATH\Router\Router.php(479): CodeIgniter\Router\Exceptions\RouterException::forInvalidControllerName('\\App\\Controllers\\PenjualController:pesanBarang/$1')
 2 SYSTEMPATH\Router\Router.php(186): CodeIgniter\Router\Router->checkRoutes('penjual/pesanBarang/123')
 3 SYSTEMPATH\CodeIgniter.php(823): CodeIgniter\Router\Router->handle('penjual/pesanBarang/123')
 4 SYSTEMPATH\CodeIgniter.php(450): CodeIgniter\CodeIgniter->tryToRouteIt(Object(CodeIgniter\Router\RouteCollection))
 5 SYSTEMPATH\CodeIgniter.php(361): CodeIgniter\CodeIgniter->handleRequest(null, Object(Config\Cache), false)
 6 FCPATH\index.php(79): CodeIgniter\CodeIgniter->run()
 7 SYSTEMPATH\Commands\Server\rewrite.php(47): require_once('C:\\xampp\\htdocs\\myproject\\public\\index.php')
INFO - 2023-12-26 12:37:19 --> Session: Class initialized using 'CodeIgniter\Session\Handlers\FileHandler' driver.
ERROR - 2023-12-26 12:37:19 --> mysqli_sql_exception: Table 'grosirku.keranjangs' doesn't exist in C:\xampp\htdocs\myproject\vendor\codeigniter4\framework\system\Database\MySQLi\Connection.php:306
Stack trace:
#0 C:\xampp\htdocs\myproject\vendor\codeigniter4\framework\system\Database\MySQLi\Connection.php(306): mysqli->query('INSERT INTO `ke...', 0)
#1 C:\xampp\htdocs\myproject\vendor\codeigniter4\framework\system\Database\BaseConnection.php(693): CodeIgniter\Database\MySQLi\Connection->execute('INSERT INTO `ke...')
#2 C:\xampp\htdocs\myproject\vendor\codeigniter4\framework\system\Database\BaseConnection.php(607): CodeIgniter\Database\BaseConnection->simpleQuery('INSERT INTO `ke...')
#3 C:\xampp\htdocs\myproject\vendor\codeigniter4\framework\system\Database\BaseBuilder.php(2308): CodeIgniter\Database\BaseConnection->query('INSERT INTO `ke...', Array, false)
#4 C:\xampp\htdocs\myproject\vendor\codeigniter4\framework\system\Model.php(319): CodeIgniter\Database\BaseBuilder->insert()
#5 C:\xampp\htdocs\myproject\vendor\codeigniter4\framework\system\BaseModel.php(788): CodeIgniter\Model->doInsert(Array)
#6 C:\xampp\htdocs\myproject\vendor\codeigniter4\framework\system\Model.php(715): CodeIgniter\BaseModel->insert(Array, true)
#7 C:\xampp\htdocs\myproject\app\Controllers\PenjualController.php(19): CodeIgniter\Model->insert(Array)
#8 C:\xampp\htdocs\myproject\vendor\codeigniter4\framework\system\CodeIgniter.php(942): App\Controllers\PenjualController->pesanBarang('123')
#9 C:\xampp\htdocs\myproject\vendor\codeigniter4\framework\system\CodeIgniter.php(502): CodeIgniter\CodeIgniter->runController(Object(App\Controllers\PenjualController))
#10 C:\xampp\htdocs\myproject\vendor\codeigniter4\framework\system\CodeIgniter.php(361): CodeIgniter\CodeIgniter->handleRequest(NULL, Object(Config\Cache), false)
#11 C:\xampp\htdocs\myproject\public\index.php(79): CodeIgniter\CodeIgniter->run()
#12 C:\xampp\htdocs\myproject\vendor\codeigniter4\framework\system\Commands\Server\rewrite.php(47): require_once('C:\\xampp\\htdocs...')
#13 {main}
CRITICAL - 2023-12-26 12:37:20 --> Table 'grosirku.keranjangs' doesn't exist
in SYSTEMPATH\Database\BaseConnection.php on line 647.
 1 SYSTEMPATH\Database\BaseBuilder.php(2308): CodeIgniter\Database\BaseConnection->query('INSERT INTO `keranjangs` (`idbarang`, `hargatotal`, `jmlpesanan`, `idpenjual`) VALUES (:idbarang:, :hargatotal:, :jmlpesanan:, :idpenjual:)', [...], false)
 2 SYSTEMPATH\Model.php(319): CodeIgniter\Database\BaseBuilder->insert()
 3 SYSTEMPATH\BaseModel.php(788): CodeIgniter\Model->doInsert([...])
 4 SYSTEMPATH\Model.php(715): CodeIgniter\BaseModel->insert([...], true)
 5 APPPATH\Controllers\PenjualController.php(19): CodeIgniter\Model->insert([...])
 6 SYSTEMPATH\CodeIgniter.php(942): App\Controllers\PenjualController->pesanBarang('123')
 7 SYSTEMPATH\CodeIgniter.php(502): CodeIgniter\CodeIgniter->runController(Object(App\Controllers\PenjualController))
 8 SYSTEMPATH\CodeIgniter.php(361): CodeIgniter\CodeIgniter->handleRequest(null, Object(Config\Cache), false)
 9 FCPATH\index.php(79): CodeIgniter\CodeIgniter->run()
10 SYSTEMPATH\Commands\Server\rewrite.php(47): require_once('C:\\xampp\\htdocs\\myproject\\public\\index.php')
INFO - 2023-12-26 12:37:35 --> Session: Class initialized using 'CodeIgniter\Session\Handlers\FileHandler' driver.
ERROR - 2023-12-26 12:37:35 --> mysqli_sql_exception: Column 'hargatotal' cannot be null in C:\xampp\htdocs\myproject\vendor\codeigniter4\framework\system\Database\MySQLi\Connection.php:306
Stack trace:
#0 C:\xampp\htdocs\myproject\vendor\codeigniter4\framework\system\Database\MySQLi\Connection.php(306): mysqli->query('INSERT INTO `ke...', 0)
#1 C:\xampp\htdocs\myproject\vendor\codeigniter4\framework\system\Database\BaseConnection.php(693): CodeIgniter\Database\MySQLi\Connection->execute('INSERT INTO `ke...')
#2 C:\xampp\htdocs\myproject\vendor\codeigniter4\framework\system\Database\BaseConnection.php(607): CodeIgniter\Database\BaseConnection->simpleQuery('INSERT INTO `ke...')
#3 C:\xampp\htdocs\myproject\vendor\codeigniter4\framework\system\Database\BaseBuilder.php(2308): CodeIgniter\Database\BaseConnection->query('INSERT INTO `ke...', Array, false)
#4 C:\xampp\htdocs\myproject\vendor\codeigniter4\framework\system\Model.php(319): CodeIgniter\Database\BaseBuilder->insert()
#5 C:\xampp\htdocs\myproject\vendor\codeigniter4\framework\system\BaseModel.php(788): CodeIgniter\Model->doInsert(Array)
#6 C:\xampp\htdocs\myproject\vendor\codeigniter4\framework\system\Model.php(715): CodeIgniter\BaseModel->insert(Array, true)
#7 C:\xampp\htdocs\myproject\app\Controllers\PenjualController.php(19): CodeIgniter\Model->insert(Array)
#8 C:\xampp\htdocs\myproject\vendor\codeigniter4\framework\system\CodeIgniter.php(942): App\Controllers\PenjualController->pesanBarang('123')
#9 C:\xampp\htdocs\myproject\vendor\codeigniter4\framework\system\CodeIgniter.php(502): CodeIgniter\CodeIgniter->runController(Object(App\Controllers\PenjualController))
#10 C:\xampp\htdocs\myproject\vendor\codeigniter4\framework\system\CodeIgniter.php(361): CodeIgniter\CodeIgniter->handleRequest(NULL, Object(Config\Cache), false)
#11 C:\xampp\htdocs\myproject\public\index.php(79): CodeIgniter\CodeIgniter->run()
#12 C:\xampp\htdocs\myproject\vendor\codeigniter4\framework\system\Commands\Server\rewrite.php(47): require_once('C:\\xampp\\htdocs...')
#13 {main}
CRITICAL - 2023-12-26 12:37:35 --> Column 'hargatotal' cannot be null
in SYSTEMPATH\Database\BaseConnection.php on line 647.
 1 SYSTEMPATH\Database\BaseBuilder.php(2308): CodeIgniter\Database\BaseConnection->query('INSERT INTO `keranjang` (`idbarang`, `hargatotal`, `jmlpesanan`, `idpenjual`) VALUES (:idbarang:, :hargatotal:, :jmlpesanan:, :idpenjual:)', [...], false)
 2 SYSTEMPATH\Model.php(319): CodeIgniter\Database\BaseBuilder->insert()
 3 SYSTEMPATH\BaseModel.php(788): CodeIgniter\Model->doInsert([...])
 4 SYSTEMPATH\Model.php(715): CodeIgniter\BaseModel->insert([...], true)
 5 APPPATH\Controllers\PenjualController.php(19): CodeIgniter\Model->insert([...])
 6 SYSTEMPATH\CodeIgniter.php(942): App\Controllers\PenjualController->pesanBarang('123')
 7 SYSTEMPATH\CodeIgniter.php(502): CodeIgniter\CodeIgniter->runController(Object(App\Controllers\PenjualController))
 8 SYSTEMPATH\CodeIgniter.php(361): CodeIgniter\CodeIgniter->handleRequest(null, Object(Config\Cache), false)
 9 FCPATH\index.php(79): CodeIgniter\CodeIgniter->run()
10 SYSTEMPATH\Commands\Server\rewrite.php(47): require_once('C:\\xampp\\htdocs\\myproject\\public\\index.php')
INFO - 2023-12-26 12:38:02 --> Session: Class initialized using 'CodeIgniter\Session\Handlers\FileHandler' driver.
ERROR - 2023-12-26 12:38:02 --> mysqli_sql_exception: Column 'hargatotal' cannot be null in C:\xampp\htdocs\myproject\vendor\codeigniter4\framework\system\Database\MySQLi\Connection.php:306
Stack trace:
#0 C:\xampp\htdocs\myproject\vendor\codeigniter4\framework\system\Database\MySQLi\Connection.php(306): mysqli->query('INSERT INTO `ke...', 0)
#1 C:\xampp\htdocs\myproject\vendor\codeigniter4\framework\system\Database\BaseConnection.php(693): CodeIgniter\Database\MySQLi\Connection->execute('INSERT INTO `ke...')
#2 C:\xampp\htdocs\myproject\vendor\codeigniter4\framework\system\Database\BaseConnection.php(607): CodeIgniter\Database\BaseConnection->simpleQuery('INSERT INTO `ke...')
#3 C:\xampp\htdocs\myproject\vendor\codeigniter4\framework\system\Database\BaseBuilder.php(2308): CodeIgniter\Database\BaseConnection->query('INSERT INTO `ke...', Array, false)
#4 C:\xampp\htdocs\myproject\vendor\codeigniter4\framework\system\Model.php(319): CodeIgniter\Database\BaseBuilder->insert()
#5 C:\xampp\htdocs\myproject\vendor\codeigniter4\framework\system\BaseModel.php(788): CodeIgniter\Model->doInsert(Array)
#6 C:\xampp\htdocs\myproject\vendor\codeigniter4\framework\system\Model.php(715): CodeIgniter\BaseModel->insert(Array, true)
#7 C:\xampp\htdocs\myproject\app\Controllers\PenjualController.php(19): CodeIgniter\Model->insert(Array)
#8 C:\xampp\htdocs\myproject\vendor\codeigniter4\framework\system\CodeIgniter.php(942): App\Controllers\PenjualController->pesanBarang('123')
#9 C:\xampp\htdocs\myproject\vendor\codeigniter4\framework\system\CodeIgniter.php(502): CodeIgniter\CodeIgniter->runController(Object(App\Controllers\PenjualController))
#10 C:\xampp\htdocs\myproject\vendor\codeigniter4\framework\system\CodeIgniter.php(361): CodeIgniter\CodeIgniter->handleRequest(NULL, Object(Config\Cache), false)
#11 C:\xampp\htdocs\myproject\public\index.php(79): CodeIgniter\CodeIgniter->run()
#12 C:\xampp\htdocs\myproject\vendor\codeigniter4\framework\system\Commands\Server\rewrite.php(47): require_once('C:\\xampp\\htdocs...')
#13 {main}
CRITICAL - 2023-12-26 12:38:02 --> Column 'hargatotal' cannot be null
in SYSTEMPATH\Database\BaseConnection.php on line 647.
 1 SYSTEMPATH\Database\BaseBuilder.php(2308): CodeIgniter\Database\BaseConnection->query('INSERT INTO `keranjang` (`idbarang`, `hargatotal`, `jmlpesanan`, `idpenjual`) VALUES (:idbarang:, :hargatotal:, :jmlpesanan:, :idpenjual:)', [...], false)
 2 SYSTEMPATH\Model.php(319): CodeIgniter\Database\BaseBuilder->insert()
 3 SYSTEMPATH\BaseModel.php(788): CodeIgniter\Model->doInsert([...])
 4 SYSTEMPATH\Model.php(715): CodeIgniter\BaseModel->insert([...], true)
 5 APPPATH\Controllers\PenjualController.php(19): CodeIgniter\Model->insert([...])
 6 SYSTEMPATH\CodeIgniter.php(942): App\Controllers\PenjualController->pesanBarang('123')
 7 SYSTEMPATH\CodeIgniter.php(502): CodeIgniter\CodeIgniter->runController(Object(App\Controllers\PenjualController))
 8 SYSTEMPATH\CodeIgniter.php(361): CodeIgniter\CodeIgniter->handleRequest(null, Object(Config\Cache), false)
 9 FCPATH\index.php(79): CodeIgniter\CodeIgniter->run()
10 SYSTEMPATH\Commands\Server\rewrite.php(47): require_once('C:\\xampp\\htdocs\\myproject\\public\\index.php')
INFO - 2023-12-26 12:38:06 --> Session: Class initialized using 'CodeIgniter\Session\Handlers\FileHandler' driver.
ERROR - 2023-12-26 12:38:06 --> mysqli_sql_exception: Column 'hargatotal' cannot be null in C:\xampp\htdocs\myproject\vendor\codeigniter4\framework\system\Database\MySQLi\Connection.php:306
Stack trace:
#0 C:\xampp\htdocs\myproject\vendor\codeigniter4\framework\system\Database\MySQLi\Connection.php(306): mysqli->query('INSERT INTO `ke...', 0)
#1 C:\xampp\htdocs\myproject\vendor\codeigniter4\framework\system\Database\BaseConnection.php(693): CodeIgniter\Database\MySQLi\Connection->execute('INSERT INTO `ke...')
#2 C:\xampp\htdocs\myproject\vendor\codeigniter4\framework\system\Database\BaseConnection.php(607): CodeIgniter\Database\BaseConnection->simpleQuery('INSERT INTO `ke...')
#3 C:\xampp\htdocs\myproject\vendor\codeigniter4\framework\system\Database\BaseBuilder.php(2308): CodeIgniter\Database\BaseConnection->query('INSERT INTO `ke...', Array, false)
#4 C:\xampp\htdocs\myproject\vendor\codeigniter4\framework\system\Model.php(319): CodeIgniter\Database\BaseBuilder->insert()
#5 C:\xampp\htdocs\myproject\vendor\codeigniter4\framework\system\BaseModel.php(788): CodeIgniter\Model->doInsert(Array)
#6 C:\xampp\htdocs\myproject\vendor\codeigniter4\framework\system\Model.php(715): CodeIgniter\BaseModel->insert(Array, true)
#7 C:\xampp\htdocs\myproject\app\Controllers\PenjualController.php(19): CodeIgniter\Model->insert(Array)
#8 C:\xampp\htdocs\myproject\vendor\codeigniter4\framework\system\CodeIgniter.php(942): App\Controllers\PenjualController->pesanBarang('123')
#9 C:\xampp\htdocs\myproject\vendor\codeigniter4\framework\system\CodeIgniter.php(502): CodeIgniter\CodeIgniter->runController(Object(App\Controllers\PenjualController))
#10 C:\xampp\htdocs\myproject\vendor\codeigniter4\framework\system\CodeIgniter.php(361): CodeIgniter\CodeIgniter->handleRequest(NULL, Object(Config\Cache), false)
#11 C:\xampp\htdocs\myproject\public\index.php(79): CodeIgniter\CodeIgniter->run()
#12 C:\xampp\htdocs\myproject\vendor\codeigniter4\framework\system\Commands\Server\rewrite.php(47): require_once('C:\\xampp\\htdocs...')
#13 {main}
CRITICAL - 2023-12-26 12:38:06 --> Column 'hargatotal' cannot be null
in SYSTEMPATH\Database\BaseConnection.php on line 647.
 1 SYSTEMPATH\Database\BaseBuilder.php(2308): CodeIgniter\Database\BaseConnection->query('INSERT INTO `keranjang` (`idbarang`, `hargatotal`, `jmlpesanan`, `idpenjual`) VALUES (:idbarang:, :hargatotal:, :jmlpesanan:, :idpenjual:)', [...], false)
 2 SYSTEMPATH\Model.php(319): CodeIgniter\Database\BaseBuilder->insert()
 3 SYSTEMPATH\BaseModel.php(788): CodeIgniter\Model->doInsert([...])
 4 SYSTEMPATH\Model.php(715): CodeIgniter\BaseModel->insert([...], true)
 5 APPPATH\Controllers\PenjualController.php(19): CodeIgniter\Model->insert([...])
 6 SYSTEMPATH\CodeIgniter.php(942): App\Controllers\PenjualController->pesanBarang('123')
 7 SYSTEMPATH\CodeIgniter.php(502): CodeIgniter\CodeIgniter->runController(Object(App\Controllers\PenjualController))
 8 SYSTEMPATH\CodeIgniter.php(361): CodeIgniter\CodeIgniter->handleRequest(null, Object(Config\Cache), false)
 9 FCPATH\index.php(79): CodeIgniter\CodeIgniter->run()
10 SYSTEMPATH\Commands\Server\rewrite.php(47): require_once('C:\\xampp\\htdocs\\myproject\\public\\index.php')
INFO - 2023-12-26 12:38:29 --> Session: Class initialized using 'CodeIgniter\Session\Handlers\FileHandler' driver.
ERROR - 2023-12-26 12:38:29 --> mysqli_sql_exception: Column 'hargatotal' cannot be null in C:\xampp\htdocs\myproject\vendor\codeigniter4\framework\system\Database\MySQLi\Connection.php:306
Stack trace:
#0 C:\xampp\htdocs\myproject\vendor\codeigniter4\framework\system\Database\MySQLi\Connection.php(306): mysqli->query('INSERT INTO `ke...', 0)
#1 C:\xampp\htdocs\myproject\vendor\codeigniter4\framework\system\Database\BaseConnection.php(693): CodeIgniter\Database\MySQLi\Connection->execute('INSERT INTO `ke...')
#2 C:\xampp\htdocs\myproject\vendor\codeigniter4\framework\system\Database\BaseConnection.php(607): CodeIgniter\Database\BaseConnection->simpleQuery('INSERT INTO `ke...')
#3 C:\xampp\htdocs\myproject\vendor\codeigniter4\framework\system\Database\BaseBuilder.php(2308): CodeIgniter\Database\BaseConnection->query('INSERT INTO `ke...', Array, false)
#4 C:\xampp\htdocs\myproject\vendor\codeigniter4\framework\system\Model.php(319): CodeIgniter\Database\BaseBuilder->insert()
#5 C:\xampp\htdocs\myproject\vendor\codeigniter4\framework\system\BaseModel.php(788): CodeIgniter\Model->doInsert(Array)
#6 C:\xampp\htdocs\myproject\vendor\codeigniter4\framework\system\Model.php(715): CodeIgniter\BaseModel->insert(Array, true)
#7 C:\xampp\htdocs\myproject\app\Controllers\PenjualController.php(19): CodeIgniter\Model->insert(Array)
#8 C:\xampp\htdocs\myproject\vendor\codeigniter4\framework\system\CodeIgniter.php(942): App\Controllers\PenjualController->pesanBarang('123')
#9 C:\xampp\htdocs\myproject\vendor\codeigniter4\framework\system\CodeIgniter.php(502): CodeIgniter\CodeIgniter->runController(Object(App\Controllers\PenjualController))
#10 C:\xampp\htdocs\myproject\vendor\codeigniter4\framework\system\CodeIgniter.php(361): CodeIgniter\CodeIgniter->handleRequest(NULL, Object(Config\Cache), false)
#11 C:\xampp\htdocs\myproject\public\index.php(79): CodeIgniter\CodeIgniter->run()
#12 C:\xampp\htdocs\myproject\vendor\codeigniter4\framework\system\Commands\Server\rewrite.php(47): require_once('C:\\xampp\\htdocs...')
#13 {main}
CRITICAL - 2023-12-26 12:38:29 --> Column 'hargatotal' cannot be null
in SYSTEMPATH\Database\BaseConnection.php on line 647.
 1 SYSTEMPATH\Database\BaseBuilder.php(2308): CodeIgniter\Database\BaseConnection->query('INSERT INTO `keranjang` (`idbarang`, `hargatotal`, `jmlpesanan`, `idpenjual`) VALUES (:idbarang:, :hargatotal:, :jmlpesanan:, :idpenjual:)', [...], false)
 2 SYSTEMPATH\Model.php(319): CodeIgniter\Database\BaseBuilder->insert()
 3 SYSTEMPATH\BaseModel.php(788): CodeIgniter\Model->doInsert([...])
 4 SYSTEMPATH\Model.php(715): CodeIgniter\BaseModel->insert([...], true)
 5 APPPATH\Controllers\PenjualController.php(19): CodeIgniter\Model->insert([...])
 6 SYSTEMPATH\CodeIgniter.php(942): App\Controllers\PenjualController->pesanBarang('123')
 7 SYSTEMPATH\CodeIgniter.php(502): CodeIgniter\CodeIgniter->runController(Object(App\Controllers\PenjualController))
 8 SYSTEMPATH\CodeIgniter.php(361): CodeIgniter\CodeIgniter->handleRequest(null, Object(Config\Cache), false)
 9 FCPATH\index.php(79): CodeIgniter\CodeIgniter->run()
10 SYSTEMPATH\Commands\Server\rewrite.php(47): require_once('C:\\xampp\\htdocs\\myproject\\public\\index.php')
INFO - 2023-12-26 12:38:50 --> Session: Class initialized using 'CodeIgniter\Session\Handlers\FileHandler' driver.
ERROR - 2023-12-26 12:38:50 --> mysqli_sql_exception: Column 'hargatotal' cannot be null in C:\xampp\htdocs\myproject\vendor\codeigniter4\framework\system\Database\MySQLi\Connection.php:306
Stack trace:
#0 C:\xampp\htdocs\myproject\vendor\codeigniter4\framework\system\Database\MySQLi\Connection.php(306): mysqli->query('INSERT INTO `ke...', 0)
#1 C:\xampp\htdocs\myproject\vendor\codeigniter4\framework\system\Database\BaseConnection.php(693): CodeIgniter\Database\MySQLi\Connection->execute('INSERT INTO `ke...')
#2 C:\xampp\htdocs\myproject\vendor\codeigniter4\framework\system\Database\BaseConnection.php(607): CodeIgniter\Database\BaseConnection->simpleQuery('INSERT INTO `ke...')
#3 C:\xampp\htdocs\myproject\vendor\codeigniter4\framework\system\Database\BaseBuilder.php(2308): CodeIgniter\Database\BaseConnection->query('INSERT INTO `ke...', Array, false)
#4 C:\xampp\htdocs\myproject\vendor\codeigniter4\framework\system\Model.php(319): CodeIgniter\Database\BaseBuilder->insert()
#5 C:\xampp\htdocs\myproject\vendor\codeigniter4\framework\system\BaseModel.php(788): CodeIgniter\Model->doInsert(Array)
#6 C:\xampp\htdocs\myproject\vendor\codeigniter4\framework\system\Model.php(715): CodeIgniter\BaseModel->insert(Array, true)
#7 C:\xampp\htdocs\myproject\app\Controllers\PenjualController.php(19): CodeIgniter\Model->insert(Array)
#8 C:\xampp\htdocs\myproject\vendor\codeigniter4\framework\system\CodeIgniter.php(942): App\Controllers\PenjualController->pesanBarang('123')
#9 C:\xampp\htdocs\myproject\vendor\codeigniter4\framework\system\CodeIgniter.php(502): CodeIgniter\CodeIgniter->runController(Object(App\Controllers\PenjualController))
#10 C:\xampp\htdocs\myproject\vendor\codeigniter4\framework\system\CodeIgniter.php(361): CodeIgniter\CodeIgniter->handleRequest(NULL, Object(Config\Cache), false)
#11 C:\xampp\htdocs\myproject\public\index.php(79): CodeIgniter\CodeIgniter->run()
#12 C:\xampp\htdocs\myproject\vendor\codeigniter4\framework\system\Commands\Server\rewrite.php(47): require_once('C:\\xampp\\htdocs...')
#13 {main}
CRITICAL - 2023-12-26 12:38:50 --> Column 'hargatotal' cannot be null
in SYSTEMPATH\Database\BaseConnection.php on line 647.
 1 SYSTEMPATH\Database\BaseBuilder.php(2308): CodeIgniter\Database\BaseConnection->query('INSERT INTO `keranjang` (`idbarang`, `hargatotal`, `jmlpesanan`, `idpenjual`) VALUES (:idbarang:, :hargatotal:, :jmlpesanan:, :idpenjual:)', [...], false)
 2 SYSTEMPATH\Model.php(319): CodeIgniter\Database\BaseBuilder->insert()
 3 SYSTEMPATH\BaseModel.php(788): CodeIgniter\Model->doInsert([...])
 4 SYSTEMPATH\Model.php(715): CodeIgniter\BaseModel->insert([...], true)
 5 APPPATH\Controllers\PenjualController.php(19): CodeIgniter\Model->insert([...])
 6 SYSTEMPATH\CodeIgniter.php(942): App\Controllers\PenjualController->pesanBarang('123')
 7 SYSTEMPATH\CodeIgniter.php(502): CodeIgniter\CodeIgniter->runController(Object(App\Controllers\PenjualController))
 8 SYSTEMPATH\CodeIgniter.php(361): CodeIgniter\CodeIgniter->handleRequest(null, Object(Config\Cache), false)
 9 FCPATH\index.php(79): CodeIgniter\CodeIgniter->run()
10 SYSTEMPATH\Commands\Server\rewrite.php(47): require_once('C:\\xampp\\htdocs\\myproject\\public\\index.php')
INFO - 2023-12-26 12:45:55 --> Session: Class initialized using 'CodeIgniter\Session\Handlers\FileHandler' driver.
CRITICAL - 2023-12-26 13:03:16 --> Undefined variable $dashboard
in APPPATH\Views\penjual\components\header-footer.php on line 92.
 1 APPPATH\Views\penjual\components\header-footer.php(92): CodeIgniter\Debug\Exceptions->errorHandler(2, 'Undefined variable $dashboard', 'C:\\xampp\\htdocs\\myproject\\app\\Views\\penjual\\components\\header-footer.php', 92)
 2 SYSTEMPATH\View\View.php(228): include('C:\\xampp\\htdocs\\myproject\\app\\Views\\penjual\\components\\header-footer.php')
 3 SYSTEMPATH\View\View.php(231): CodeIgniter\View\View->CodeIgniter\View\{closure}()
 4 SYSTEMPATH\View\View.php(244): CodeIgniter\View\View->render('penjual\\components\\header-footer', [], true)
 5 SYSTEMPATH\Common.php(1190): CodeIgniter\View\View->render('penjual/index', [], true)
 6 APPPATH\Controllers\Penjual.php(22): view('penjual/index', [...])
 7 SYSTEMPATH\CodeIgniter.php(942): App\Controllers\Penjual->index()
 8 SYSTEMPATH\CodeIgniter.php(502): CodeIgniter\CodeIgniter->runController(Object(App\Controllers\Penjual))
 9 SYSTEMPATH\CodeIgniter.php(361): CodeIgniter\CodeIgniter->handleRequest(null, Object(Config\Cache), false)
10 FCPATH\index.php(79): CodeIgniter\CodeIgniter->run()
11 SYSTEMPATH\Commands\Server\rewrite.php(47): require_once('C:\\xampp\\htdocs\\myproject\\public\\index.php')
CRITICAL - 2023-12-26 13:03:20 --> Undefined variable $dashboard
in APPPATH\Views\penjual\components\header-footer.php on line 92.
 1 APPPATH\Views\penjual\components\header-footer.php(92): CodeIgniter\Debug\Exceptions->errorHandler(2, 'Undefined variable $dashboard', 'C:\\xampp\\htdocs\\myproject\\app\\Views\\penjual\\components\\header-footer.php', 92)
 2 SYSTEMPATH\View\View.php(228): include('C:\\xampp\\htdocs\\myproject\\app\\Views\\penjual\\components\\header-footer.php')
 3 SYSTEMPATH\View\View.php(231): CodeIgniter\View\View->CodeIgniter\View\{closure}()
 4 SYSTEMPATH\View\View.php(244): CodeIgniter\View\View->render('penjual\\components\\header-footer', [], true)
 5 SYSTEMPATH\Common.php(1190): CodeIgniter\View\View->render('penjual/index', [], true)
 6 APPPATH\Controllers\Penjual.php(22): view('penjual/index', [...])
 7 SYSTEMPATH\CodeIgniter.php(942): App\Controllers\Penjual->index()
 8 SYSTEMPATH\CodeIgniter.php(502): CodeIgniter\CodeIgniter->runController(Object(App\Controllers\Penjual))
 9 SYSTEMPATH\CodeIgniter.php(361): CodeIgniter\CodeIgniter->handleRequest(null, Object(Config\Cache), false)
10 FCPATH\index.php(79): CodeIgniter\CodeIgniter->run()
11 SYSTEMPATH\Commands\Server\rewrite.php(47): require_once('C:\\xampp\\htdocs\\myproject\\public\\index.php')
CRITICAL - 2023-12-26 13:06:46 --> Undefined variable $dashboard
in APPPATH\Views\penjual\components\header-footer.php on line 1.
 1 APPPATH\Views\penjual\components\header-footer.php(1): CodeIgniter\Debug\Exceptions->errorHandler(2, 'Undefined variable $dashboard', 'C:\\xampp\\htdocs\\myproject\\app\\Views\\penjual\\components\\header-footer.php', 1)
 2 SYSTEMPATH\View\View.php(228): include('C:\\xampp\\htdocs\\myproject\\app\\Views\\penjual\\components\\header-footer.php')
 3 SYSTEMPATH\View\View.php(231): CodeIgniter\View\View->CodeIgniter\View\{closure}()
 4 SYSTEMPATH\View\View.php(244): CodeIgniter\View\View->render('penjual\\components\\header-footer', [], true)
 5 SYSTEMPATH\Common.php(1190): CodeIgniter\View\View->render('penjual/keranjang', [], true)
 6 APPPATH\Controllers\Penjual.php(46): view('penjual/keranjang')
 7 SYSTEMPATH\CodeIgniter.php(942): App\Controllers\Penjual->keranjang()
 8 SYSTEMPATH\CodeIgniter.php(502): CodeIgniter\CodeIgniter->runController(Object(App\Controllers\Penjual))
 9 SYSTEMPATH\CodeIgniter.php(361): CodeIgniter\CodeIgniter->handleRequest(null, Object(Config\Cache), false)
10 FCPATH\index.php(79): CodeIgniter\CodeIgniter->run()
11 SYSTEMPATH\Commands\Server\rewrite.php(47): require_once('C:\\xampp\\htdocs\\myproject\\public\\index.php')
INFO - 2023-12-26 13:18:00 --> Session: Class initialized using 'CodeIgniter\Session\Handlers\FileHandler' driver.
INFO - 2023-12-26 13:18:11 --> Session: Class initialized using 'CodeIgniter\Session\Handlers\FileHandler' driver.
INFO - 2023-12-26 13:18:15 --> Session: Class initialized using 'CodeIgniter\Session\Handlers\FileHandler' driver.
INFO - 2023-12-26 13:18:21 --> Session: Class initialized using 'CodeIgniter\Session\Handlers\FileHandler' driver.
INFO - 2023-12-26 13:18:28 --> Session: Class initialized using 'CodeIgniter\Session\Handlers\FileHandler' driver.
INFO - 2023-12-26 13:20:05 --> Session: Class initialized using 'CodeIgniter\Session\Handlers\FileHandler' driver.
INFO - 2023-12-26 13:21:24 --> Session: Class initialized using 'CodeIgniter\Session\Handlers\FileHandler' driver.
INFO - 2023-12-26 13:21:30 --> Session: Class initialized using 'CodeIgniter\Session\Handlers\FileHandler' driver.
INFO - 2023-12-26 13:21:56 --> Session: Class initialized using 'CodeIgniter\Session\Handlers\FileHandler' driver.
INFO - 2023-12-26 13:22:12 --> Session: Class initialized using 'CodeIgniter\Session\Handlers\FileHandler' driver.
INFO - 2023-12-26 13:22:17 --> Session: Class initialized using 'CodeIgniter\Session\Handlers\FileHandler' driver.
INFO - 2023-12-26 13:22:21 --> Session: Class initialized using 'CodeIgniter\Session\Handlers\FileHandler' driver.
INFO - 2023-12-26 13:22:46 --> Session: Class initialized using 'CodeIgniter\Session\Handlers\FileHandler' driver.
INFO - 2023-12-26 13:22:52 --> Session: Class initialized using 'CodeIgniter\Session\Handlers\FileHandler' driver.
INFO - 2023-12-26 16:04:20 --> Session: Class initialized using 'CodeIgniter\Session\Handlers\FileHandler' driver.
INFO - 2023-12-26 16:04:21 --> Session: Class initialized using 'CodeIgniter\Session\Handlers\FileHandler' driver.
INFO - 2023-12-26 16:05:58 --> Session: Class initialized using 'CodeIgniter\Session\Handlers\FileHandler' driver.
INFO - 2023-12-26 16:22:53 --> Session: Class initialized using 'CodeIgniter\Session\Handlers\FileHandler' driver.
INFO - 2023-12-26 16:23:01 --> Session: Class initialized using 'CodeIgniter\Session\Handlers\FileHandler' driver.
INFO - 2023-12-26 16:23:56 --> Session: Class initialized using 'CodeIgniter\Session\Handlers\FileHandler' driver.
ERROR - 2023-12-26 16:23:56 --> mysqli_sql_exception: Column 'idpenjual' cannot be null in C:\xampp\htdocs\myproject\vendor\codeigniter4\framework\system\Database\MySQLi\Connection.php:306
Stack trace:
#0 C:\xampp\htdocs\myproject\vendor\codeigniter4\framework\system\Database\MySQLi\Connection.php(306): mysqli->query('INSERT INTO `ke...', 0)
#1 C:\xampp\htdocs\myproject\vendor\codeigniter4\framework\system\Database\BaseConnection.php(693): CodeIgniter\Database\MySQLi\Connection->execute('INSERT INTO `ke...')
#2 C:\xampp\htdocs\myproject\vendor\codeigniter4\framework\system\Database\BaseConnection.php(607): CodeIgniter\Database\BaseConnection->simpleQuery('INSERT INTO `ke...')
#3 C:\xampp\htdocs\myproject\vendor\codeigniter4\framework\system\Database\BaseBuilder.php(2308): CodeIgniter\Database\BaseConnection->query('INSERT INTO `ke...', Array, false)
#4 C:\xampp\htdocs\myproject\vendor\codeigniter4\framework\system\Model.php(319): CodeIgniter\Database\BaseBuilder->insert()
#5 C:\xampp\htdocs\myproject\vendor\codeigniter4\framework\system\BaseModel.php(788): CodeIgniter\Model->doInsert(Array)
#6 C:\xampp\htdocs\myproject\vendor\codeigniter4\framework\system\Model.php(715): CodeIgniter\BaseModel->insert(Array, true)
#7 C:\xampp\htdocs\myproject\app\Controllers\PenjualController.php(19): CodeIgniter\Model->insert(Array)
#8 C:\xampp\htdocs\myproject\vendor\codeigniter4\framework\system\CodeIgniter.php(942): App\Controllers\PenjualController->pesanBarang('123')
#9 C:\xampp\htdocs\myproject\vendor\codeigniter4\framework\system\CodeIgniter.php(502): CodeIgniter\CodeIgniter->runController(Object(App\Controllers\PenjualController))
#10 C:\xampp\htdocs\myproject\vendor\codeigniter4\framework\system\CodeIgniter.php(361): CodeIgniter\CodeIgniter->handleRequest(NULL, Object(Config\Cache), false)
#11 C:\xampp\htdocs\myproject\public\index.php(79): CodeIgniter\CodeIgniter->run()
#12 C:\xampp\htdocs\myproject\vendor\codeigniter4\framework\system\Commands\Server\rewrite.php(47): require_once('C:\\xampp\\htdocs...')
#13 {main}
CRITICAL - 2023-12-26 16:23:56 --> Column 'idpenjual' cannot be null
in SYSTEMPATH\Database\BaseConnection.php on line 647.
 1 SYSTEMPATH\Database\BaseBuilder.php(2308): CodeIgniter\Database\BaseConnection->query('INSERT INTO `keranjang` (`idbarang`, `hargatotal`, `jmlpesanan`, `idpenjual`) VALUES (:idbarang:, :hargatotal:, :jmlpesanan:, :idpenjual:)', [...], false)
 2 SYSTEMPATH\Model.php(319): CodeIgniter\Database\BaseBuilder->insert()
 3 SYSTEMPATH\BaseModel.php(788): CodeIgniter\Model->doInsert([...])
 4 SYSTEMPATH\Model.php(715): CodeIgniter\BaseModel->insert([...], true)
 5 APPPATH\Controllers\PenjualController.php(19): CodeIgniter\Model->insert([...])
 6 SYSTEMPATH\CodeIgniter.php(942): App\Controllers\PenjualController->pesanBarang('123')
 7 SYSTEMPATH\CodeIgniter.php(502): CodeIgniter\CodeIgniter->runController(Object(App\Controllers\PenjualController))
 8 SYSTEMPATH\CodeIgniter.php(361): CodeIgniter\CodeIgniter->handleRequest(null, Object(Config\Cache), false)
 9 FCPATH\index.php(79): CodeIgniter\CodeIgniter->run()
10 SYSTEMPATH\Commands\Server\rewrite.php(47): require_once('C:\\xampp\\htdocs\\myproject\\public\\index.php')
INFO - 2023-12-26 16:24:05 --> Session: Class initialized using 'CodeIgniter\Session\Handlers\FileHandler' driver.
INFO - 2023-12-26 16:24:09 --> Session: Class initialized using 'CodeIgniter\Session\Handlers\FileHandler' driver.
INFO - 2023-12-26 16:24:14 --> Session: Class initialized using 'CodeIgniter\Session\Handlers\FileHandler' driver.
INFO - 2023-12-26 16:24:17 --> Session: Class initialized using 'CodeIgniter\Session\Handlers\FileHandler' driver.
CRITICAL - 2023-12-26 16:24:17 --> Undefined property: stdClass::$pyusername
in APPPATH\Views\penjual\Keranjang.php on line 25.
 1 APPPATH\Views\penjual\Keranjang.php(25): CodeIgniter\Debug\Exceptions->errorHandler(2, 'Undefined property: stdClass::$pyusername', 'C:\\xampp\\htdocs\\myproject\\app\\Views\\penjual\\Keranjang.php', 25)
 2 SYSTEMPATH\View\View.php(228): include('C:\\xampp\\htdocs\\myproject\\app\\Views\\penjual\\Keranjang.php')
 3 SYSTEMPATH\View\View.php(231): CodeIgniter\View\View->CodeIgniter\View\{closure}()
 4 SYSTEMPATH\Common.php(1190): CodeIgniter\View\View->render('penjual/keranjang', [], true)
 5 APPPATH\Controllers\Penjual.php(52): view('penjual/keranjang', [...])
 6 SYSTEMPATH\CodeIgniter.php(942): App\Controllers\Penjual->keranjang()
 7 SYSTEMPATH\CodeIgniter.php(502): CodeIgniter\CodeIgniter->runController(Object(App\Controllers\Penjual))
 8 SYSTEMPATH\CodeIgniter.php(361): CodeIgniter\CodeIgniter->handleRequest(null, Object(Config\Cache), false)
 9 FCPATH\index.php(79): CodeIgniter\CodeIgniter->run()
10 SYSTEMPATH\Commands\Server\rewrite.php(47): require_once('C:\\xampp\\htdocs\\myproject\\public\\index.php')
INFO - 2023-12-26 16:24:27 --> Session: Class initialized using 'CodeIgniter\Session\Handlers\FileHandler' driver.
CRITICAL - 2023-12-26 16:24:27 --> Undefined property: stdClass::$plusername
in APPPATH\Views\penjual\Keranjang.php on line 25.
 1 APPPATH\Views\penjual\Keranjang.php(25): CodeIgniter\Debug\Exceptions->errorHandler(2, 'Undefined property: stdClass::$plusername', 'C:\\xampp\\htdocs\\myproject\\app\\Views\\penjual\\Keranjang.php', 25)
 2 SYSTEMPATH\View\View.php(228): include('C:\\xampp\\htdocs\\myproject\\app\\Views\\penjual\\Keranjang.php')
 3 SYSTEMPATH\View\View.php(231): CodeIgniter\View\View->CodeIgniter\View\{closure}()
 4 SYSTEMPATH\Common.php(1190): CodeIgniter\View\View->render('penjual/keranjang', [], true)
 5 APPPATH\Controllers\Penjual.php(52): view('penjual/keranjang', [...])
 6 SYSTEMPATH\CodeIgniter.php(942): App\Controllers\Penjual->keranjang()
 7 SYSTEMPATH\CodeIgniter.php(502): CodeIgniter\CodeIgniter->runController(Object(App\Controllers\Penjual))
 8 SYSTEMPATH\CodeIgniter.php(361): CodeIgniter\CodeIgniter->handleRequest(null, Object(Config\Cache), false)
 9 FCPATH\index.php(79): CodeIgniter\CodeIgniter->run()
10 SYSTEMPATH\Commands\Server\rewrite.php(47): require_once('C:\\xampp\\htdocs\\myproject\\public\\index.php')
INFO - 2023-12-26 16:24:44 --> Session: Class initialized using 'CodeIgniter\Session\Handlers\FileHandler' driver.
CRITICAL - 2023-12-26 16:24:44 --> Undefined variable $idbarang
in APPPATH\Views\penjual\Keranjang.php on line 25.
 1 APPPATH\Views\penjual\Keranjang.php(25): CodeIgniter\Debug\Exceptions->errorHandler(2, 'Undefined variable $idbarang', 'C:\\xampp\\htdocs\\myproject\\app\\Views\\penjual\\Keranjang.php', 25)
 2 SYSTEMPATH\View\View.php(228): include('C:\\xampp\\htdocs\\myproject\\app\\Views\\penjual\\Keranjang.php')
 3 SYSTEMPATH\View\View.php(231): CodeIgniter\View\View->CodeIgniter\View\{closure}()
 4 SYSTEMPATH\Common.php(1190): CodeIgniter\View\View->render('penjual/keranjang', [], true)
 5 APPPATH\Controllers\Penjual.php(52): view('penjual/keranjang', [...])
 6 SYSTEMPATH\CodeIgniter.php(942): App\Controllers\Penjual->keranjang()
 7 SYSTEMPATH\CodeIgniter.php(502): CodeIgniter\CodeIgniter->runController(Object(App\Controllers\Penjual))
 8 SYSTEMPATH\CodeIgniter.php(361): CodeIgniter\CodeIgniter->handleRequest(null, Object(Config\Cache), false)
 9 FCPATH\index.php(79): CodeIgniter\CodeIgniter->run()
10 SYSTEMPATH\Commands\Server\rewrite.php(47): require_once('C:\\xampp\\htdocs\\myproject\\public\\index.php')
INFO - 2023-12-26 16:24:55 --> Session: Class initialized using 'CodeIgniter\Session\Handlers\FileHandler' driver.
INFO - 2023-12-26 16:25:13 --> Session: Class initialized using 'CodeIgniter\Session\Handlers\FileHandler' driver.
INFO - 2023-12-26 16:25:32 --> Session: Class initialized using 'CodeIgniter\Session\Handlers\FileHandler' driver.
INFO - 2023-12-26 16:25:49 --> Session: Class initialized using 'CodeIgniter\Session\Handlers\FileHandler' driver.
INFO - 2023-12-26 16:29:33 --> Session: Class initialized using 'CodeIgniter\Session\Handlers\FileHandler' driver.
INFO - 2023-12-26 16:30:08 --> Session: Class initialized using 'CodeIgniter\Session\Handlers\FileHandler' driver.
INFO - 2023-12-26 16:30:39 --> Session: Class initialized using 'CodeIgniter\Session\Handlers\FileHandler' driver.
INFO - 2023-12-26 16:31:10 --> Session: Class initialized using 'CodeIgniter\Session\Handlers\FileHandler' driver.
INFO - 2023-12-26 16:31:12 --> Session: Class initialized using 'CodeIgniter\Session\Handlers\FileHandler' driver.
INFO - 2023-12-26 16:31:27 --> Session: Class initialized using 'CodeIgniter\Session\Handlers\FileHandler' driver.
INFO - 2023-12-26 16:31:35 --> Session: Class initialized using 'CodeIgniter\Session\Handlers\FileHandler' driver.
INFO - 2023-12-26 16:33:22 --> Session: Class initialized using 'CodeIgniter\Session\Handlers\FileHandler' driver.
INFO - 2023-12-26 16:33:26 --> Session: Class initialized using 'CodeIgniter\Session\Handlers\FileHandler' driver.
INFO - 2023-12-26 16:33:40 --> Session: Class initialized using 'CodeIgniter\Session\Handlers\FileHandler' driver.
INFO - 2023-12-26 16:33:43 --> Session: Class initialized using 'CodeIgniter\Session\Handlers\FileHandler' driver.
INFO - 2023-12-26 16:33:54 --> Session: Class initialized using 'CodeIgniter\Session\Handlers\FileHandler' driver.
INFO - 2023-12-26 16:33:57 --> Session: Class initialized using 'CodeIgniter\Session\Handlers\FileHandler' driver.
INFO - 2023-12-26 16:34:01 --> Session: Class initialized using 'CodeIgniter\Session\Handlers\FileHandler' driver.
INFO - 2023-12-26 16:34:23 --> Session: Class initialized using 'CodeIgniter\Session\Handlers\FileHandler' driver.
INFO - 2023-12-26 16:34:28 --> Session: Class initialized using 'CodeIgniter\Session\Handlers\FileHandler' driver.
INFO - 2023-12-26 16:34:54 --> Session: Class initialized using 'CodeIgniter\Session\Handlers\FileHandler' driver.
INFO - 2023-12-26 16:34:58 --> Session: Class initialized using 'CodeIgniter\Session\Handlers\FileHandler' driver.
INFO - 2023-12-26 16:35:02 --> Session: Class initialized using 'CodeIgniter\Session\Handlers\FileHandler' driver.
INFO - 2023-12-26 16:35:32 --> Session: Class initialized using 'CodeIgniter\Session\Handlers\FileHandler' driver.
INFO - 2023-12-26 16:35:34 --> Session: Class initialized using 'CodeIgniter\Session\Handlers\FileHandler' driver.
INFO - 2023-12-26 16:36:11 --> Session: Class initialized using 'CodeIgniter\Session\Handlers\FileHandler' driver.
INFO - 2023-12-26 16:36:14 --> Session: Class initialized using 'CodeIgniter\Session\Handlers\FileHandler' driver.
INFO - 2023-12-26 16:36:28 --> Session: Class initialized using 'CodeIgniter\Session\Handlers\FileHandler' driver.
INFO - 2023-12-26 16:36:31 --> Session: Class initialized using 'CodeIgniter\Session\Handlers\FileHandler' driver.
INFO - 2023-12-26 16:36:38 --> Session: Class initialized using 'CodeIgniter\Session\Handlers\FileHandler' driver.
INFO - 2023-12-26 16:36:48 --> Session: Class initialized using 'CodeIgniter\Session\Handlers\FileHandler' driver.
INFO - 2023-12-26 16:36:51 --> Session: Class initialized using 'CodeIgniter\Session\Handlers\FileHandler' driver.
INFO - 2023-12-26 16:37:12 --> Session: Class initialized using 'CodeIgniter\Session\Handlers\FileHandler' driver.
INFO - 2023-12-26 16:37:15 --> Session: Class initialized using 'CodeIgniter\Session\Handlers\FileHandler' driver.
INFO - 2023-12-26 16:38:00 --> Session: Class initialized using 'CodeIgniter\Session\Handlers\FileHandler' driver.
INFO - 2023-12-26 16:38:03 --> Session: Class initialized using 'CodeIgniter\Session\Handlers\FileHandler' driver.
INFO - 2023-12-26 16:38:25 --> Session: Class initialized using 'CodeIgniter\Session\Handlers\FileHandler' driver.
INFO - 2023-12-26 16:38:41 --> Session: Class initialized using 'CodeIgniter\Session\Handlers\FileHandler' driver.
INFO - 2023-12-26 16:38:44 --> Session: Class initialized using 'CodeIgniter\Session\Handlers\FileHandler' driver.
INFO - 2023-12-26 16:39:04 --> Session: Class initialized using 'CodeIgniter\Session\Handlers\FileHandler' driver.
INFO - 2023-12-26 16:39:07 --> Session: Class initialized using 'CodeIgniter\Session\Handlers\FileHandler' driver.
INFO - 2023-12-26 16:39:27 --> Session: Class initialized using 'CodeIgniter\Session\Handlers\FileHandler' driver.
INFO - 2023-12-26 16:39:30 --> Session: Class initialized using 'CodeIgniter\Session\Handlers\FileHandler' driver.
INFO - 2023-12-26 16:39:47 --> Session: Class initialized using 'CodeIgniter\Session\Handlers\FileHandler' driver.
INFO - 2023-12-26 16:39:49 --> Session: Class initialized using 'CodeIgniter\Session\Handlers\FileHandler' driver.
INFO - 2023-12-26 16:40:24 --> Session: Class initialized using 'CodeIgniter\Session\Handlers\FileHandler' driver.
INFO - 2023-12-26 16:40:27 --> Session: Class initialized using 'CodeIgniter\Session\Handlers\FileHandler' driver.
INFO - 2023-12-26 16:41:01 --> Session: Class initialized using 'CodeIgniter\Session\Handlers\FileHandler' driver.
INFO - 2023-12-26 16:41:05 --> Session: Class initialized using 'CodeIgniter\Session\Handlers\FileHandler' driver.
INFO - 2023-12-26 16:41:15 --> Session: Class initialized using 'CodeIgniter\Session\Handlers\FileHandler' driver.
INFO - 2023-12-26 16:41:18 --> Session: Class initialized using 'CodeIgniter\Session\Handlers\FileHandler' driver.
INFO - 2023-12-26 16:41:28 --> Session: Class initialized using 'CodeIgniter\Session\Handlers\FileHandler' driver.
INFO - 2023-12-26 16:42:05 --> Session: Class initialized using 'CodeIgniter\Session\Handlers\FileHandler' driver.
INFO - 2023-12-26 16:42:23 --> Session: Class initialized using 'CodeIgniter\Session\Handlers\FileHandler' driver.
INFO - 2023-12-26 16:42:33 --> Session: Class initialized using 'CodeIgniter\Session\Handlers\FileHandler' driver.
INFO - 2023-12-26 16:42:34 --> Session: Class initialized using 'CodeIgniter\Session\Handlers\FileHandler' driver.
INFO - 2023-12-26 16:42:38 --> Session: Class initialized using 'CodeIgniter\Session\Handlers\FileHandler' driver.
INFO - 2023-12-26 16:42:47 --> Session: Class initialized using 'CodeIgniter\Session\Handlers\FileHandler' driver.
INFO - 2023-12-26 16:43:15 --> Session: Class initialized using 'CodeIgniter\Session\Handlers\FileHandler' driver.
INFO - 2023-12-26 16:43:18 --> Session: Class initialized using 'CodeIgniter\Session\Handlers\FileHandler' driver.
INFO - 2023-12-26 16:43:32 --> Session: Class initialized using 'CodeIgniter\Session\Handlers\FileHandler' driver.
INFO - 2023-12-26 16:43:36 --> Session: Class initialized using 'CodeIgniter\Session\Handlers\FileHandler' driver.
INFO - 2023-12-26 16:43:43 --> Session: Class initialized using 'CodeIgniter\Session\Handlers\FileHandler' driver.
INFO - 2023-12-26 16:43:45 --> Session: Class initialized using 'CodeIgniter\Session\Handlers\FileHandler' driver.
INFO - 2023-12-26 16:43:48 --> Session: Class initialized using 'CodeIgniter\Session\Handlers\FileHandler' driver.
INFO - 2023-12-26 16:44:09 --> Session: Class initialized using 'CodeIgniter\Session\Handlers\FileHandler' driver.
INFO - 2023-12-26 16:45:25 --> Session: Class initialized using 'CodeIgniter\Session\Handlers\FileHandler' driver.
ERROR - 2023-12-26 16:45:25 --> mysqli_sql_exception: Unknown column 'penjual.idpenjual' in 'where clause' in C:\xampp\htdocs\myproject\vendor\codeigniter4\framework\system\Database\MySQLi\Connection.php:306
Stack trace:
#0 C:\xampp\htdocs\myproject\vendor\codeigniter4\framework\system\Database\MySQLi\Connection.php(306): mysqli->query('SELECT *\nFROM `...', 0)
#1 C:\xampp\htdocs\myproject\vendor\codeigniter4\framework\system\Database\BaseConnection.php(693): CodeIgniter\Database\MySQLi\Connection->execute('SELECT *\nFROM `...')
#2 C:\xampp\htdocs\myproject\vendor\codeigniter4\framework\system\Database\BaseConnection.php(607): CodeIgniter\Database\BaseConnection->simpleQuery('SELECT *\nFROM `...')
#3 C:\xampp\htdocs\myproject\vendor\codeigniter4\framework\system\Database\BaseBuilder.php(1615): CodeIgniter\Database\BaseConnection->query('SELECT *\nFROM `...', Array, false)
#4 C:\xampp\htdocs\myproject\vendor\codeigniter4\framework\system\Model.php(871): CodeIgniter\Database\BaseBuilder->get()
#5 C:\xampp\htdocs\myproject\app\Controllers\Penjual.php(47): CodeIgniter\Model->__call('get', Array)
#6 C:\xampp\htdocs\myproject\vendor\codeigniter4\framework\system\CodeIgniter.php(942): App\Controllers\Penjual->keranjang()
#7 C:\xampp\htdocs\myproject\vendor\codeigniter4\framework\system\CodeIgniter.php(502): CodeIgniter\CodeIgniter->runController(Object(App\Controllers\Penjual))
#8 C:\xampp\htdocs\myproject\vendor\codeigniter4\framework\system\CodeIgniter.php(361): CodeIgniter\CodeIgniter->handleRequest(NULL, Object(Config\Cache), false)
#9 C:\xampp\htdocs\myproject\public\index.php(79): CodeIgniter\CodeIgniter->run()
#10 C:\xampp\htdocs\myproject\vendor\codeigniter4\framework\system\Commands\Server\rewrite.php(47): require_once('C:\\xampp\\htdocs...')
#11 {main}
CRITICAL - 2023-12-26 16:45:25 --> Unknown column 'penjual.idpenjual' in 'where clause'
in SYSTEMPATH\Database\BaseConnection.php on line 647.
 1 SYSTEMPATH\Database\BaseBuilder.php(1615): CodeIgniter\Database\BaseConnection->query('SELECT *
FROM `pesanan`
INNER JOIN `barang` ON `pesanan`.`idbarang` = `barang`.`idbarang`
WHERE `penjual`.`idpenjual` = :penjual.idpenjual:', [...], false)
 2 SYSTEMPATH\Model.php(871): CodeIgniter\Database\BaseBuilder->get()
 3 APPPATH\Controllers\Penjual.php(47): CodeIgniter\Model->__call('get', [])
 4 SYSTEMPATH\CodeIgniter.php(942): App\Controllers\Penjual->keranjang()
 5 SYSTEMPATH\CodeIgniter.php(502): CodeIgniter\CodeIgniter->runController(Object(App\Controllers\Penjual))
 6 SYSTEMPATH\CodeIgniter.php(361): CodeIgniter\CodeIgniter->handleRequest(null, Object(Config\Cache), false)
 7 FCPATH\index.php(79): CodeIgniter\CodeIgniter->run()
 8 SYSTEMPATH\Commands\Server\rewrite.php(47): require_once('C:\\xampp\\htdocs\\myproject\\public\\index.php')
INFO - 2023-12-26 16:45:46 --> Session: Class initialized using 'CodeIgniter\Session\Handlers\FileHandler' driver.
ERROR - 2023-12-26 16:45:46 --> mysqli_sql_exception: Unknown column 'barang.idpenjual' in 'where clause' in C:\xampp\htdocs\myproject\vendor\codeigniter4\framework\system\Database\MySQLi\Connection.php:306
Stack trace:
#0 C:\xampp\htdocs\myproject\vendor\codeigniter4\framework\system\Database\MySQLi\Connection.php(306): mysqli->query('SELECT *\nFROM `...', 0)
#1 C:\xampp\htdocs\myproject\vendor\codeigniter4\framework\system\Database\BaseConnection.php(693): CodeIgniter\Database\MySQLi\Connection->execute('SELECT *\nFROM `...')
#2 C:\xampp\htdocs\myproject\vendor\codeigniter4\framework\system\Database\BaseConnection.php(607): CodeIgniter\Database\BaseConnection->simpleQuery('SELECT *\nFROM `...')
#3 C:\xampp\htdocs\myproject\vendor\codeigniter4\framework\system\Database\BaseBuilder.php(1615): CodeIgniter\Database\BaseConnection->query('SELECT *\nFROM `...', Array, false)
#4 C:\xampp\htdocs\myproject\vendor\codeigniter4\framework\system\Model.php(871): CodeIgniter\Database\BaseBuilder->get()
#5 C:\xampp\htdocs\myproject\app\Controllers\Penjual.php(47): CodeIgniter\Model->__call('get', Array)
#6 C:\xampp\htdocs\myproject\vendor\codeigniter4\framework\system\CodeIgniter.php(942): App\Controllers\Penjual->keranjang()
#7 C:\xampp\htdocs\myproject\vendor\codeigniter4\framework\system\CodeIgniter.php(502): CodeIgniter\CodeIgniter->runController(Object(App\Controllers\Penjual))
#8 C:\xampp\htdocs\myproject\vendor\codeigniter4\framework\system\CodeIgniter.php(361): CodeIgniter\CodeIgniter->handleRequest(NULL, Object(Config\Cache), false)
#9 C:\xampp\htdocs\myproject\public\index.php(79): CodeIgniter\CodeIgniter->run()
#10 C:\xampp\htdocs\myproject\vendor\codeigniter4\framework\system\Commands\Server\rewrite.php(47): require_once('C:\\xampp\\htdocs...')
#11 {main}
CRITICAL - 2023-12-26 16:45:46 --> Unknown column 'barang.idpenjual' in 'where clause'
in SYSTEMPATH\Database\BaseConnection.php on line 647.
 1 SYSTEMPATH\Database\BaseBuilder.php(1615): CodeIgniter\Database\BaseConnection->query('SELECT *
FROM `pesanan`
INNER JOIN `barang` ON `pesanan`.`idbarang` = `barang`.`idbarang`
WHERE `barang`.`idpenjual` = :barang.idpenjual:', [...], false)
 2 SYSTEMPATH\Model.php(871): CodeIgniter\Database\BaseBuilder->get()
 3 APPPATH\Controllers\Penjual.php(47): CodeIgniter\Model->__call('get', [])
 4 SYSTEMPATH\CodeIgniter.php(942): App\Controllers\Penjual->keranjang()
 5 SYSTEMPATH\CodeIgniter.php(502): CodeIgniter\CodeIgniter->runController(Object(App\Controllers\Penjual))
 6 SYSTEMPATH\CodeIgniter.php(361): CodeIgniter\CodeIgniter->handleRequest(null, Object(Config\Cache), false)
 7 FCPATH\index.php(79): CodeIgniter\CodeIgniter->run()
 8 SYSTEMPATH\Commands\Server\rewrite.php(47): require_once('C:\\xampp\\htdocs\\myproject\\public\\index.php')
INFO - 2023-12-26 16:46:19 --> Session: Class initialized using 'CodeIgniter\Session\Handlers\FileHandler' driver.
INFO - 2023-12-26 16:50:38 --> Session: Class initialized using 'CodeIgniter\Session\Handlers\FileHandler' driver.
INFO - 2023-12-26 16:50:53 --> Session: Class initialized using 'CodeIgniter\Session\Handlers\FileHandler' driver.
INFO - 2023-12-26 16:51:19 --> Session: Class initialized using 'CodeIgniter\Session\Handlers\FileHandler' driver.
CRITICAL - 2023-12-26 16:51:21 --> foreach() argument must be of type array|object, null given
in APPPATH\Controllers\PenjualController.php on line 34.
 1 APPPATH\Controllers\PenjualController.php(34): CodeIgniter\Debug\Exceptions->errorHandler(2, 'foreach() argument must be of type array|object, null given', 'C:\\xampp\\htdocs\\myproject\\app\\Controllers\\PenjualController.php', 34)
 2 SYSTEMPATH\CodeIgniter.php(942): App\Controllers\PenjualController->setPesanan()
 3 SYSTEMPATH\CodeIgniter.php(502): CodeIgniter\CodeIgniter->runController(Object(App\Controllers\PenjualController))
 4 SYSTEMPATH\CodeIgniter.php(361): CodeIgniter\CodeIgniter->handleRequest(null, Object(Config\Cache), false)
 5 FCPATH\index.php(79): CodeIgniter\CodeIgniter->run()
 6 SYSTEMPATH\Commands\Server\rewrite.php(47): require_once('C:\\xampp\\htdocs\\myproject\\public\\index.php')
INFO - 2023-12-26 16:51:44 --> Session: Class initialized using 'CodeIgniter\Session\Handlers\FileHandler' driver.
INFO - 2023-12-26 16:51:48 --> Session: Class initialized using 'CodeIgniter\Session\Handlers\FileHandler' driver.
INFO - 2023-12-26 17:06:15 --> Session: Class initialized using 'CodeIgniter\Session\Handlers\FileHandler' driver.
INFO - 2023-12-26 17:12:42 --> Session: Class initialized using 'CodeIgniter\Session\Handlers\FileHandler' driver.
INFO - 2023-12-26 17:12:45 --> Session: Class initialized using 'CodeIgniter\Session\Handlers\FileHandler' driver.
INFO - 2023-12-26 17:13:23 --> Session: Class initialized using 'CodeIgniter\Session\Handlers\FileHandler' driver.
INFO - 2023-12-26 17:13:25 --> Session: Class initialized using 'CodeIgniter\Session\Handlers\FileHandler' driver.
CRITICAL - 2023-12-26 17:13:28 --> foreach() argument must be of type array|object, null given
in APPPATH\Controllers\PenjualController.php on line 34.
 1 APPPATH\Controllers\PenjualController.php(34): CodeIgniter\Debug\Exceptions->errorHandler(2, 'foreach() argument must be of type array|object, null given', 'C:\\xampp\\htdocs\\myproject\\app\\Controllers\\PenjualController.php', 34)
 2 SYSTEMPATH\CodeIgniter.php(942): App\Controllers\PenjualController->setPesanan()
 3 SYSTEMPATH\CodeIgniter.php(502): CodeIgniter\CodeIgniter->runController(Object(App\Controllers\PenjualController))
 4 SYSTEMPATH\CodeIgniter.php(361): CodeIgniter\CodeIgniter->handleRequest(null, Object(Config\Cache), false)
 5 FCPATH\index.php(79): CodeIgniter\CodeIgniter->run()
 6 SYSTEMPATH\Commands\Server\rewrite.php(47): require_once('C:\\xampp\\htdocs\\myproject\\public\\index.php')
INFO - 2023-12-26 17:14:16 --> Session: Class initialized using 'CodeIgniter\Session\Handlers\FileHandler' driver.
INFO - 2023-12-26 17:14:20 --> Session: Class initialized using 'CodeIgniter\Session\Handlers\FileHandler' driver.
INFO - 2023-12-26 17:14:24 --> Session: Class initialized using 'CodeIgniter\Session\Handlers\FileHandler' driver.
INFO - 2023-12-26 17:14:33 --> Session: Class initialized using 'CodeIgniter\Session\Handlers\FileHandler' driver.
CRITICAL - 2023-12-26 17:14:38 --> Attempt to read property "idpenyedia" on null
in APPPATH\Controllers\PenjualController.php on line 38.
 1 APPPATH\Controllers\PenjualController.php(38): CodeIgniter\Debug\Exceptions->errorHandler(2, 'Attempt to read property "idpenyedia" on null', 'C:\\xampp\\htdocs\\myproject\\app\\Controllers\\PenjualController.php', 38)
 2 SYSTEMPATH\CodeIgniter.php(942): App\Controllers\PenjualController->setPesanan()
 3 SYSTEMPATH\CodeIgniter.php(502): CodeIgniter\CodeIgniter->runController(Object(App\Controllers\PenjualController))
 4 SYSTEMPATH\CodeIgniter.php(361): CodeIgniter\CodeIgniter->handleRequest(null, Object(Config\Cache), false)
 5 FCPATH\index.php(79): CodeIgniter\CodeIgniter->run()
 6 SYSTEMPATH\Commands\Server\rewrite.php(47): require_once('C:\\xampp\\htdocs\\myproject\\public\\index.php')
INFO - 2023-12-26 17:14:59 --> Session: Class initialized using 'CodeIgniter\Session\Handlers\FileHandler' driver.
CRITICAL - 2023-12-26 17:15:01 --> Attempt to read property "idpenyedia" on null
in APPPATH\Controllers\PenjualController.php on line 38.
 1 APPPATH\Controllers\PenjualController.php(38): CodeIgniter\Debug\Exceptions->errorHandler(2, 'Attempt to read property "idpenyedia" on null', 'C:\\xampp\\htdocs\\myproject\\app\\Controllers\\PenjualController.php', 38)
 2 SYSTEMPATH\CodeIgniter.php(942): App\Controllers\PenjualController->setPesanan()
 3 SYSTEMPATH\CodeIgniter.php(502): CodeIgniter\CodeIgniter->runController(Object(App\Controllers\PenjualController))
 4 SYSTEMPATH\CodeIgniter.php(361): CodeIgniter\CodeIgniter->handleRequest(null, Object(Config\Cache), false)
 5 FCPATH\index.php(79): CodeIgniter\CodeIgniter->run()
 6 SYSTEMPATH\Commands\Server\rewrite.php(47): require_once('C:\\xampp\\htdocs\\myproject\\public\\index.php')
INFO - 2023-12-26 17:17:30 --> Session: Class initialized using 'CodeIgniter\Session\Handlers\FileHandler' driver.
CRITICAL - 2023-12-26 17:17:33 --> Attempt to read property "idpenyedia" on null
in APPPATH\Controllers\PenjualController.php on line 38.
 1 APPPATH\Controllers\PenjualController.php(38): CodeIgniter\Debug\Exceptions->errorHandler(2, 'Attempt to read property "idpenyedia" on null', 'C:\\xampp\\htdocs\\myproject\\app\\Controllers\\PenjualController.php', 38)
 2 SYSTEMPATH\CodeIgniter.php(942): App\Controllers\PenjualController->setPesanan()
 3 SYSTEMPATH\CodeIgniter.php(502): CodeIgniter\CodeIgniter->runController(Object(App\Controllers\PenjualController))
 4 SYSTEMPATH\CodeIgniter.php(361): CodeIgniter\CodeIgniter->handleRequest(null, Object(Config\Cache), false)
 5 FCPATH\index.php(79): CodeIgniter\CodeIgniter->run()
 6 SYSTEMPATH\Commands\Server\rewrite.php(47): require_once('C:\\xampp\\htdocs\\myproject\\public\\index.php')
INFO - 2023-12-26 17:18:16 --> Session: Class initialized using 'CodeIgniter\Session\Handlers\FileHandler' driver.
CRITICAL - 2023-12-26 17:18:17 --> Attempt to read property "idbarang" on null
in APPPATH\Controllers\PenjualController.php on line 37.
 1 APPPATH\Controllers\PenjualController.php(37): CodeIgniter\Debug\Exceptions->errorHandler(2, 'Attempt to read property "idbarang" on null', 'C:\\xampp\\htdocs\\myproject\\app\\Controllers\\PenjualController.php', 37)
 2 SYSTEMPATH\CodeIgniter.php(942): App\Controllers\PenjualController->setPesanan()
 3 SYSTEMPATH\CodeIgniter.php(502): CodeIgniter\CodeIgniter->runController(Object(App\Controllers\PenjualController))
 4 SYSTEMPATH\CodeIgniter.php(361): CodeIgniter\CodeIgniter->handleRequest(null, Object(Config\Cache), false)
 5 FCPATH\index.php(79): CodeIgniter\CodeIgniter->run()
 6 SYSTEMPATH\Commands\Server\rewrite.php(47): require_once('C:\\xampp\\htdocs\\myproject\\public\\index.php')
INFO - 2023-12-26 17:18:19 --> Session: Class initialized using 'CodeIgniter\Session\Handlers\FileHandler' driver.
INFO - 2023-12-26 17:19:01 --> Session: Class initialized using 'CodeIgniter\Session\Handlers\FileHandler' driver.
INFO - 2023-12-26 17:19:01 --> Session: Class initialized using 'CodeIgniter\Session\Handlers\FileHandler' driver.
INFO - 2023-12-26 17:19:08 --> Session: Class initialized using 'CodeIgniter\Session\Handlers\FileHandler' driver.
INFO - 2023-12-26 17:19:17 --> Session: Class initialized using 'CodeIgniter\Session\Handlers\FileHandler' driver.
INFO - 2023-12-26 17:19:19 --> Session: Class initialized using 'CodeIgniter\Session\Handlers\FileHandler' driver.
INFO - 2023-12-26 17:19:33 --> Session: Class initialized using 'CodeIgniter\Session\Handlers\FileHandler' driver.
INFO - 2023-12-26 17:19:36 --> Session: Class initialized using 'CodeIgniter\Session\Handlers\FileHandler' driver.
INFO - 2023-12-26 17:19:36 --> Session: Class initialized using 'CodeIgniter\Session\Handlers\FileHandler' driver.
INFO - 2023-12-26 17:22:07 --> Session: Class initialized using 'CodeIgniter\Session\Handlers\FileHandler' driver.
ERROR - 2023-12-26 17:22:07 --> mysqli_sql_exception: Not unique table/alias: 'keranjang' in C:\xampp\htdocs\myproject\vendor\codeigniter4\framework\system\Database\MySQLi\Connection.php:306
Stack trace:
#0 C:\xampp\htdocs\myproject\vendor\codeigniter4\framework\system\Database\MySQLi\Connection.php(306): mysqli->query('SELECT *\nFROM `...', 0)
#1 C:\xampp\htdocs\myproject\vendor\codeigniter4\framework\system\Database\BaseConnection.php(693): CodeIgniter\Database\MySQLi\Connection->execute('SELECT *\nFROM `...')
#2 C:\xampp\htdocs\myproject\vendor\codeigniter4\framework\system\Database\BaseConnection.php(607): CodeIgniter\Database\BaseConnection->simpleQuery('SELECT *\nFROM `...')
#3 C:\xampp\htdocs\myproject\vendor\codeigniter4\framework\system\Database\BaseBuilder.php(1615): CodeIgniter\Database\BaseConnection->query('SELECT *\nFROM `...', Array, false)
#4 C:\xampp\htdocs\myproject\vendor\codeigniter4\framework\system\Model.php(871): CodeIgniter\Database\BaseBuilder->get()
#5 C:\xampp\htdocs\myproject\app\Controllers\Penjual.php(48): CodeIgniter\Model->__call('get', Array)
#6 C:\xampp\htdocs\myproject\vendor\codeigniter4\framework\system\CodeIgniter.php(942): App\Controllers\Penjual->keranjang()
#7 C:\xampp\htdocs\myproject\vendor\codeigniter4\framework\system\CodeIgniter.php(502): CodeIgniter\CodeIgniter->runController(Object(App\Controllers\Penjual))
#8 C:\xampp\htdocs\myproject\vendor\codeigniter4\framework\system\CodeIgniter.php(361): CodeIgniter\CodeIgniter->handleRequest(NULL, Object(Config\Cache), false)
#9 C:\xampp\htdocs\myproject\public\index.php(79): CodeIgniter\CodeIgniter->run()
#10 C:\xampp\htdocs\myproject\vendor\codeigniter4\framework\system\Commands\Server\rewrite.php(47): require_once('C:\\xampp\\htdocs...')
#11 {main}
CRITICAL - 2023-12-26 17:22:07 --> Not unique table/alias: 'keranjang'
in SYSTEMPATH\Database\BaseConnection.php on line 647.
 1 SYSTEMPATH\Database\BaseBuilder.php(1615): CodeIgniter\Database\BaseConnection->query('SELECT *
FROM `keranjang`
INNER JOIN `barang` ON `pesanan`.`idbarang` = `barang`.`idbarang`
JOIN `keranjang` ON `pesanan`.`idpenjual` = `keranjang`.`idpenjual`
WHERE `pesanan`.`idpenjual` = :pesanan.idpenjual:', [...], false)
 2 SYSTEMPATH\Model.php(871): CodeIgniter\Database\BaseBuilder->get()
 3 APPPATH\Controllers\Penjual.php(48): CodeIgniter\Model->__call('get', [])
 4 SYSTEMPATH\CodeIgniter.php(942): App\Controllers\Penjual->keranjang()
 5 SYSTEMPATH\CodeIgniter.php(502): CodeIgniter\CodeIgniter->runController(Object(App\Controllers\Penjual))
 6 SYSTEMPATH\CodeIgniter.php(361): CodeIgniter\CodeIgniter->handleRequest(null, Object(Config\Cache), false)
 7 FCPATH\index.php(79): CodeIgniter\CodeIgniter->run()
 8 SYSTEMPATH\Commands\Server\rewrite.php(47): require_once('C:\\xampp\\htdocs\\myproject\\public\\index.php')
INFO - 2023-12-26 17:22:38 --> Session: Class initialized using 'CodeIgniter\Session\Handlers\FileHandler' driver.
ERROR - 2023-12-26 17:22:38 --> mysqli_sql_exception: Unknown column 'pesanan.idpenjual' in 'where clause' in C:\xampp\htdocs\myproject\vendor\codeigniter4\framework\system\Database\MySQLi\Connection.php:306
Stack trace:
#0 C:\xampp\htdocs\myproject\vendor\codeigniter4\framework\system\Database\MySQLi\Connection.php(306): mysqli->query('SELECT *\nFROM `...', 0)
#1 C:\xampp\htdocs\myproject\vendor\codeigniter4\framework\system\Database\BaseConnection.php(693): CodeIgniter\Database\MySQLi\Connection->execute('SELECT *\nFROM `...')
#2 C:\xampp\htdocs\myproject\vendor\codeigniter4\framework\system\Database\BaseConnection.php(607): CodeIgniter\Database\BaseConnection->simpleQuery('SELECT *\nFROM `...')
#3 C:\xampp\htdocs\myproject\vendor\codeigniter4\framework\system\Database\BaseBuilder.php(1615): CodeIgniter\Database\BaseConnection->query('SELECT *\nFROM `...', Array, false)
#4 C:\xampp\htdocs\myproject\vendor\codeigniter4\framework\system\Model.php(871): CodeIgniter\Database\BaseBuilder->get()
#5 C:\xampp\htdocs\myproject\app\Controllers\Penjual.php(48): CodeIgniter\Model->__call('get', Array)
#6 C:\xampp\htdocs\myproject\vendor\codeigniter4\framework\system\CodeIgniter.php(942): App\Controllers\Penjual->keranjang()
#7 C:\xampp\htdocs\myproject\vendor\codeigniter4\framework\system\CodeIgniter.php(502): CodeIgniter\CodeIgniter->runController(Object(App\Controllers\Penjual))
#8 C:\xampp\htdocs\myproject\vendor\codeigniter4\framework\system\CodeIgniter.php(361): CodeIgniter\CodeIgniter->handleRequest(NULL, Object(Config\Cache), false)
#9 C:\xampp\htdocs\myproject\public\index.php(79): CodeIgniter\CodeIgniter->run()
#10 C:\xampp\htdocs\myproject\vendor\codeigniter4\framework\system\Commands\Server\rewrite.php(47): require_once('C:\\xampp\\htdocs...')
#11 {main}
CRITICAL - 2023-12-26 17:22:38 --> Unknown column 'pesanan.idpenjual' in 'where clause'
in SYSTEMPATH\Database\BaseConnection.php on line 647.
 1 SYSTEMPATH\Database\BaseBuilder.php(1615): CodeIgniter\Database\BaseConnection->query('SELECT *
FROM `keranjang`
INNER JOIN `barang` ON `keranjang`.`idbarang` = `barang`.`idbarang`
WHERE `pesanan`.`idpenjual` = :pesanan.idpenjual:', [...], false)
 2 SYSTEMPATH\Model.php(871): CodeIgniter\Database\BaseBuilder->get()
 3 APPPATH\Controllers\Penjual.php(48): CodeIgniter\Model->__call('get', [])
 4 SYSTEMPATH\CodeIgniter.php(942): App\Controllers\Penjual->keranjang()
 5 SYSTEMPATH\CodeIgniter.php(502): CodeIgniter\CodeIgniter->runController(Object(App\Controllers\Penjual))
 6 SYSTEMPATH\CodeIgniter.php(361): CodeIgniter\CodeIgniter->handleRequest(null, Object(Config\Cache), false)
 7 FCPATH\index.php(79): CodeIgniter\CodeIgniter->run()
 8 SYSTEMPATH\Commands\Server\rewrite.php(47): require_once('C:\\xampp\\htdocs\\myproject\\public\\index.php')
INFO - 2023-12-26 17:22:50 --> Session: Class initialized using 'CodeIgniter\Session\Handlers\FileHandler' driver.
INFO - 2023-12-26 17:22:55 --> Session: Class initialized using 'CodeIgniter\Session\Handlers\FileHandler' driver.
INFO - 2023-12-26 17:22:57 --> Session: Class initialized using 'CodeIgniter\Session\Handlers\FileHandler' driver.
INFO - 2023-12-26 17:22:59 --> Session: Class initialized using 'CodeIgniter\Session\Handlers\FileHandler' driver.
INFO - 2023-12-26 17:23:03 --> Session: Class initialized using 'CodeIgniter\Session\Handlers\FileHandler' driver.
INFO - 2023-12-26 17:23:03 --> Session: Class initialized using 'CodeIgniter\Session\Handlers\FileHandler' driver.
INFO - 2023-12-26 17:23:05 --> Session: Class initialized using 'CodeIgniter\Session\Handlers\FileHandler' driver.
INFO - 2023-12-26 17:23:06 --> Session: Class initialized using 'CodeIgniter\Session\Handlers\FileHandler' driver.
INFO - 2023-12-26 17:23:07 --> Session: Class initialized using 'CodeIgniter\Session\Handlers\FileHandler' driver.
INFO - 2023-12-26 17:23:09 --> Session: Class initialized using 'CodeIgniter\Session\Handlers\FileHandler' driver.
INFO - 2023-12-26 17:23:12 --> Session: Class initialized using 'CodeIgniter\Session\Handlers\FileHandler' driver.
INFO - 2023-12-26 17:23:12 --> Session: Class initialized using 'CodeIgniter\Session\Handlers\FileHandler' driver.
INFO - 2023-12-26 17:23:13 --> Session: Class initialized using 'CodeIgniter\Session\Handlers\FileHandler' driver.
INFO - 2023-12-26 17:23:15 --> Session: Class initialized using 'CodeIgniter\Session\Handlers\FileHandler' driver.
INFO - 2023-12-26 17:24:04 --> Session: Class initialized using 'CodeIgniter\Session\Handlers\FileHandler' driver.
INFO - 2023-12-26 17:24:05 --> Session: Class initialized using 'CodeIgniter\Session\Handlers\FileHandler' driver.
INFO - 2023-12-26 17:24:11 --> Session: Class initialized using 'CodeIgniter\Session\Handlers\FileHandler' driver.
INFO - 2023-12-26 17:24:14 --> Session: Class initialized using 'CodeIgniter\Session\Handlers\FileHandler' driver.
INFO - 2023-12-26 17:24:16 --> Session: Class initialized using 'CodeIgniter\Session\Handlers\FileHandler' driver.
INFO - 2023-12-26 17:24:18 --> Session: Class initialized using 'CodeIgniter\Session\Handlers\FileHandler' driver.
INFO - 2023-12-26 17:24:19 --> Session: Class initialized using 'CodeIgniter\Session\Handlers\FileHandler' driver.
INFO - 2023-12-26 17:24:23 --> Session: Class initialized using 'CodeIgniter\Session\Handlers\FileHandler' driver.
INFO - 2023-12-26 17:24:23 --> Session: Class initialized using 'CodeIgniter\Session\Handlers\FileHandler' driver.
INFO - 2023-12-26 17:24:25 --> Session: Class initialized using 'CodeIgniter\Session\Handlers\FileHandler' driver.
INFO - 2023-12-26 17:24:29 --> Session: Class initialized using 'CodeIgniter\Session\Handlers\FileHandler' driver.
INFO - 2023-12-26 17:24:32 --> Session: Class initialized using 'CodeIgniter\Session\Handlers\FileHandler' driver.
INFO - 2023-12-26 17:24:33 --> Session: Class initialized using 'CodeIgniter\Session\Handlers\FileHandler' driver.
INFO - 2023-12-26 17:24:34 --> Session: Class initialized using 'CodeIgniter\Session\Handlers\FileHandler' driver.
INFO - 2023-12-26 17:25:09 --> Session: Class initialized using 'CodeIgniter\Session\Handlers\FileHandler' driver.
INFO - 2023-12-26 17:25:10 --> Session: Class initialized using 'CodeIgniter\Session\Handlers\FileHandler' driver.
CRITICAL - 2023-12-26 17:25:11 --> foreach() argument must be of type array|object, null given
in APPPATH\Controllers\PenjualController.php on line 34.
 1 APPPATH\Controllers\PenjualController.php(34): CodeIgniter\Debug\Exceptions->errorHandler(2, 'foreach() argument must be of type array|object, null given', 'C:\\xampp\\htdocs\\myproject\\app\\Controllers\\PenjualController.php', 34)
 2 SYSTEMPATH\CodeIgniter.php(942): App\Controllers\PenjualController->setPesanan()
 3 SYSTEMPATH\CodeIgniter.php(502): CodeIgniter\CodeIgniter->runController(Object(App\Controllers\PenjualController))
 4 SYSTEMPATH\CodeIgniter.php(361): CodeIgniter\CodeIgniter->handleRequest(null, Object(Config\Cache), false)
 5 FCPATH\index.php(79): CodeIgniter\CodeIgniter->run()
 6 SYSTEMPATH\Commands\Server\rewrite.php(47): require_once('C:\\xampp\\htdocs\\myproject\\public\\index.php')
INFO - 2023-12-26 17:25:14 --> Session: Class initialized using 'CodeIgniter\Session\Handlers\FileHandler' driver.
INFO - 2023-12-26 17:25:17 --> Session: Class initialized using 'CodeIgniter\Session\Handlers\FileHandler' driver.
INFO - 2023-12-26 17:26:27 --> Session: Class initialized using 'CodeIgniter\Session\Handlers\FileHandler' driver.
INFO - 2023-12-26 17:26:28 --> Session: Class initialized using 'CodeIgniter\Session\Handlers\FileHandler' driver.
INFO - 2023-12-26 17:26:28 --> Session: Class initialized using 'CodeIgniter\Session\Handlers\FileHandler' driver.
INFO - 2023-12-26 17:26:29 --> Session: Class initialized using 'CodeIgniter\Session\Handlers\FileHandler' driver.
INFO - 2023-12-26 17:26:32 --> Session: Class initialized using 'CodeIgniter\Session\Handlers\FileHandler' driver.
INFO - 2023-12-26 17:26:32 --> Session: Class initialized using 'CodeIgniter\Session\Handlers\FileHandler' driver.
INFO - 2023-12-26 17:26:34 --> Session: Class initialized using 'CodeIgniter\Session\Handlers\FileHandler' driver.
INFO - 2023-12-26 17:36:26 --> Session: Class initialized using 'CodeIgniter\Session\Handlers\FileHandler' driver.
INFO - 2023-12-26 17:39:08 --> Session: Class initialized using 'CodeIgniter\Session\Handlers\FileHandler' driver.
INFO - 2023-12-26 17:39:10 --> Session: Class initialized using 'CodeIgniter\Session\Handlers\FileHandler' driver.
CRITICAL - 2023-12-26 17:42:46 --> View themes, no current section.
in SYSTEMPATH\View\View.php on line 425.
 1 APPPATH\Views\penjual\Akun.php(57): CodeIgniter\View\View->endSection()
 2 SYSTEMPATH\View\View.php(228): include('C:\\xampp\\htdocs\\myproject\\app\\Views\\penjual\\Akun.php')
 3 SYSTEMPATH\View\View.php(231): CodeIgniter\View\View->CodeIgniter\View\{closure}()
 4 SYSTEMPATH\Common.php(1190): CodeIgniter\View\View->render('penjual/akun', [], true)
 5 APPPATH\Controllers\Penjual.php(40): view('penjual/akun')
 6 SYSTEMPATH\CodeIgniter.php(942): App\Controllers\Penjual->akun()
 7 SYSTEMPATH\CodeIgniter.php(502): CodeIgniter\CodeIgniter->runController(Object(App\Controllers\Penjual))
 8 SYSTEMPATH\CodeIgniter.php(361): CodeIgniter\CodeIgniter->handleRequest(null, Object(Config\Cache), false)
 9 FCPATH\index.php(79): CodeIgniter\CodeIgniter->run()
10 SYSTEMPATH\Commands\Server\rewrite.php(47): require_once('C:\\xampp\\htdocs\\myproject\\public\\index.php')
INFO - 2023-12-26 17:50:03 --> Session: Class initialized using 'CodeIgniter\Session\Handlers\FileHandler' driver.
CRITICAL - 2023-12-26 17:50:03 --> Undefined variable $data
in APPPATH\Views\penjual\Akun.php on line 67.
 1 APPPATH\Views\penjual\Akun.php(67): CodeIgniter\Debug\Exceptions->errorHandler(2, 'Undefined variable $data', 'C:\\xampp\\htdocs\\myproject\\app\\Views\\penjual\\Akun.php', 67)
 2 SYSTEMPATH\View\View.php(228): include('C:\\xampp\\htdocs\\myproject\\app\\Views\\penjual\\Akun.php')
 3 SYSTEMPATH\View\View.php(231): CodeIgniter\View\View->CodeIgniter\View\{closure}()
 4 SYSTEMPATH\Common.php(1190): CodeIgniter\View\View->render('penjual/akun', [], true)
 5 APPPATH\Controllers\Penjual.php(40): view('penjual/akun')
 6 SYSTEMPATH\CodeIgniter.php(942): App\Controllers\Penjual->akun()
 7 SYSTEMPATH\CodeIgniter.php(502): CodeIgniter\CodeIgniter->runController(Object(App\Controllers\Penjual))
 8 SYSTEMPATH\CodeIgniter.php(361): CodeIgniter\CodeIgniter->handleRequest(null, Object(Config\Cache), false)
 9 FCPATH\index.php(79): CodeIgniter\CodeIgniter->run()
10 SYSTEMPATH\Commands\Server\rewrite.php(47): require_once('C:\\xampp\\htdocs\\myproject\\public\\index.php')
INFO - 2023-12-26 17:50:58 --> Session: Class initialized using 'CodeIgniter\Session\Handlers\FileHandler' driver.
CRITICAL - 2023-12-26 17:50:58 --> Undefined variable $data
in APPPATH\Views\penjual\Akun.php on line 49.
 1 APPPATH\Views\penjual\Akun.php(49): CodeIgniter\Debug\Exceptions->errorHandler(2, 'Undefined variable $data', 'C:\\xampp\\htdocs\\myproject\\app\\Views\\penjual\\Akun.php', 49)
 2 SYSTEMPATH\View\View.php(228): include('C:\\xampp\\htdocs\\myproject\\app\\Views\\penjual\\Akun.php')
 3 SYSTEMPATH\View\View.php(231): CodeIgniter\View\View->CodeIgniter\View\{closure}()
 4 SYSTEMPATH\Common.php(1190): CodeIgniter\View\View->render('penjual/akun', [], true)
 5 APPPATH\Controllers\Penjual.php(40): view('penjual/akun')
 6 SYSTEMPATH\CodeIgniter.php(942): App\Controllers\Penjual->akun()
 7 SYSTEMPATH\CodeIgniter.php(502): CodeIgniter\CodeIgniter->runController(Object(App\Controllers\Penjual))
 8 SYSTEMPATH\CodeIgniter.php(361): CodeIgniter\CodeIgniter->handleRequest(null, Object(Config\Cache), false)
 9 FCPATH\index.php(79): CodeIgniter\CodeIgniter->run()
10 SYSTEMPATH\Commands\Server\rewrite.php(47): require_once('C:\\xampp\\htdocs\\myproject\\public\\index.php')
INFO - 2023-12-26 17:51:19 --> Session: Class initialized using 'CodeIgniter\Session\Handlers\FileHandler' driver.
INFO - 2023-12-26 17:51:23 --> Session: Class initialized using 'CodeIgniter\Session\Handlers\FileHandler' driver.
INFO - 2023-12-26 17:51:26 --> Session: Class initialized using 'CodeIgniter\Session\Handlers\FileHandler' driver.
INFO - 2023-12-26 17:51:28 --> Session: Class initialized using 'CodeIgniter\Session\Handlers\FileHandler' driver.
INFO - 2023-12-26 17:52:20 --> Session: Class initialized using 'CodeIgniter\Session\Handlers\FileHandler' driver.
INFO - 2023-12-26 17:52:42 --> Session: Class initialized using 'CodeIgniter\Session\Handlers\FileHandler' driver.
INFO - 2023-12-26 17:53:14 --> Session: Class initialized using 'CodeIgniter\Session\Handlers\FileHandler' driver.
INFO - 2023-12-26 17:58:11 --> Session: Class initialized using 'CodeIgniter\Session\Handlers\FileHandler' driver.
INFO - 2023-12-26 17:58:15 --> Session: Class initialized using 'CodeIgniter\Session\Handlers\FileHandler' driver.
INFO - 2023-12-26 17:58:15 --> Session: Class initialized using 'CodeIgniter\Session\Handlers\FileHandler' driver.
INFO - 2023-12-26 17:58:18 --> Session: Class initialized using 'CodeIgniter\Session\Handlers\FileHandler' driver.
INFO - 2023-12-26 17:59:06 --> Session: Class initialized using 'CodeIgniter\Session\Handlers\FileHandler' driver.
INFO - 2023-12-26 17:59:06 --> Session: Class initialized using 'CodeIgniter\Session\Handlers\FileHandler' driver.
INFO - 2023-12-26 17:59:08 --> Session: Class initialized using 'CodeIgniter\Session\Handlers\FileHandler' driver.
INFO - 2023-12-26 17:59:08 --> Session: Class initialized using 'CodeIgniter\Session\Handlers\FileHandler' driver.
INFO - 2023-12-26 17:59:25 --> Session: Class initialized using 'CodeIgniter\Session\Handlers\FileHandler' driver.
INFO - 2023-12-26 17:59:26 --> Session: Class initialized using 'CodeIgniter\Session\Handlers\FileHandler' driver.
INFO - 2023-12-26 17:59:27 --> Session: Class initialized using 'CodeIgniter\Session\Handlers\FileHandler' driver.
INFO - 2023-12-26 17:59:36 --> Session: Class initialized using 'CodeIgniter\Session\Handlers\FileHandler' driver.
INFO - 2023-12-26 17:59:37 --> Session: Class initialized using 'CodeIgniter\Session\Handlers\FileHandler' driver.
INFO - 2023-12-26 17:59:38 --> Session: Class initialized using 'CodeIgniter\Session\Handlers\FileHandler' driver.
INFO - 2023-12-26 17:59:55 --> Session: Class initialized using 'CodeIgniter\Session\Handlers\FileHandler' driver.
INFO - 2023-12-26 17:59:59 --> Session: Class initialized using 'CodeIgniter\Session\Handlers\FileHandler' driver.
INFO - 2023-12-26 18:00:12 --> Session: Class initialized using 'CodeIgniter\Session\Handlers\FileHandler' driver.
INFO - 2023-12-26 18:00:15 --> Session: Class initialized using 'CodeIgniter\Session\Handlers\FileHandler' driver.
INFO - 2023-12-26 18:00:43 --> Session: Class initialized using 'CodeIgniter\Session\Handlers\FileHandler' driver.
INFO - 2023-12-26 18:00:45 --> Session: Class initialized using 'CodeIgniter\Session\Handlers\FileHandler' driver.
INFO - 2023-12-26 18:00:45 --> Session: Class initialized using 'CodeIgniter\Session\Handlers\FileHandler' driver.
INFO - 2023-12-26 18:04:26 --> Session: Class initialized using 'CodeIgniter\Session\Handlers\FileHandler' driver.
INFO - 2023-12-26 18:04:31 --> Session: Class initialized using 'CodeIgniter\Session\Handlers\FileHandler' driver.
INFO - 2023-12-26 18:04:31 --> Session: Class initialized using 'CodeIgniter\Session\Handlers\FileHandler' driver.
INFO - 2023-12-26 18:04:35 --> Session: Class initialized using 'CodeIgniter\Session\Handlers\FileHandler' driver.
INFO - 2023-12-26 18:04:36 --> Session: Class initialized using 'CodeIgniter\Session\Handlers\FileHandler' driver.
INFO - 2023-12-26 18:04:49 --> Session: Class initialized using 'CodeIgniter\Session\Handlers\FileHandler' driver.
INFO - 2023-12-26 18:04:49 --> Session: Class initialized using 'CodeIgniter\Session\Handlers\FileHandler' driver.
INFO - 2023-12-26 18:05:38 --> Session: Class initialized using 'CodeIgniter\Session\Handlers\FileHandler' driver.
INFO - 2023-12-26 18:06:48 --> Session: Class initialized using 'CodeIgniter\Session\Handlers\FileHandler' driver.
INFO - 2023-12-26 18:07:59 --> Session: Class initialized using 'CodeIgniter\Session\Handlers\FileHandler' driver.
INFO - 2023-12-26 18:11:25 --> Session: Class initialized using 'CodeIgniter\Session\Handlers\FileHandler' driver.
INFO - 2023-12-26 18:11:25 --> Session: Class initialized using 'CodeIgniter\Session\Handlers\FileHandler' driver.
INFO - 2023-12-26 18:11:31 --> Session: Class initialized using 'CodeIgniter\Session\Handlers\FileHandler' driver.
INFO - 2023-12-26 18:11:31 --> Session: Class initialized using 'CodeIgniter\Session\Handlers\FileHandler' driver.
INFO - 2023-12-26 18:11:43 --> Session: Class initialized using 'CodeIgniter\Session\Handlers\FileHandler' driver.
INFO - 2023-12-26 18:11:43 --> Session: Class initialized using 'CodeIgniter\Session\Handlers\FileHandler' driver.
INFO - 2023-12-26 18:11:57 --> Session: Class initialized using 'CodeIgniter\Session\Handlers\FileHandler' driver.
INFO - 2023-12-26 18:12:27 --> Session: Class initialized using 'CodeIgniter\Session\Handlers\FileHandler' driver.
INFO - 2023-12-26 18:12:27 --> Session: Class initialized using 'CodeIgniter\Session\Handlers\FileHandler' driver.
INFO - 2023-12-26 18:12:30 --> Session: Class initialized using 'CodeIgniter\Session\Handlers\FileHandler' driver.
INFO - 2023-12-26 18:12:34 --> Session: Class initialized using 'CodeIgniter\Session\Handlers\FileHandler' driver.
INFO - 2023-12-26 18:12:39 --> Session: Class initialized using 'CodeIgniter\Session\Handlers\FileHandler' driver.
INFO - 2023-12-26 18:12:42 --> Session: Class initialized using 'CodeIgniter\Session\Handlers\FileHandler' driver.
INFO - 2023-12-26 18:12:44 --> Session: Class initialized using 'CodeIgniter\Session\Handlers\FileHandler' driver.
INFO - 2023-12-26 18:13:11 --> Session: Class initialized using 'CodeIgniter\Session\Handlers\FileHandler' driver.
INFO - 2023-12-26 18:13:13 --> Session: Class initialized using 'CodeIgniter\Session\Handlers\FileHandler' driver.
INFO - 2023-12-26 18:13:13 --> Session: Class initialized using 'CodeIgniter\Session\Handlers\FileHandler' driver.
INFO - 2023-12-26 18:13:18 --> Session: Class initialized using 'CodeIgniter\Session\Handlers\FileHandler' driver.
INFO - 2023-12-26 18:13:18 --> Session: Class initialized using 'CodeIgniter\Session\Handlers\FileHandler' driver.
INFO - 2023-12-26 18:13:22 --> Session: Class initialized using 'CodeIgniter\Session\Handlers\FileHandler' driver.
INFO - 2023-12-26 18:14:32 --> Session: Class initialized using 'CodeIgniter\Session\Handlers\FileHandler' driver.
INFO - 2023-12-26 18:14:41 --> Session: Class initialized using 'CodeIgniter\Session\Handlers\FileHandler' driver.
INFO - 2023-12-26 18:14:41 --> Session: Class initialized using 'CodeIgniter\Session\Handlers\FileHandler' driver.
INFO - 2023-12-26 18:14:46 --> Session: Class initialized using 'CodeIgniter\Session\Handlers\FileHandler' driver.
INFO - 2023-12-26 18:14:49 --> Session: Class initialized using 'CodeIgniter\Session\Handlers\FileHandler' driver.
INFO - 2023-12-26 18:14:49 --> Session: Class initialized using 'CodeIgniter\Session\Handlers\FileHandler' driver.
INFO - 2023-12-26 18:14:58 --> Session: Class initialized using 'CodeIgniter\Session\Handlers\FileHandler' driver.
INFO - 2023-12-26 18:15:58 --> Session: Class initialized using 'CodeIgniter\Session\Handlers\FileHandler' driver.
INFO - 2023-12-26 18:16:00 --> Session: Class initialized using 'CodeIgniter\Session\Handlers\FileHandler' driver.
INFO - 2023-12-26 18:16:00 --> Session: Class initialized using 'CodeIgniter\Session\Handlers\FileHandler' driver.
INFO - 2023-12-26 18:16:01 --> Session: Class initialized using 'CodeIgniter\Session\Handlers\FileHandler' driver.
INFO - 2023-12-26 18:16:02 --> Session: Class initialized using 'CodeIgniter\Session\Handlers\FileHandler' driver.
